phase_file,name,status,evaluated,skipped,elapsed_seconds,normalization_mode,frequency_selection,modes,ridge,freq_weight,multiband_shrinkage,huber_delta,huber_iters,include_trend,outlier_reject_iters,outlier_reject_sigma,outlier_reject_max_fraction,lambda_high,low_freq_period_days,lambda_step,max_outer_iter,preferred_top_k,spectral_top_k,num_peaks,power_cum,rmse,mae,ndvi_rmse,ndvi_mae,ndwi_rmse,ndwi_mae,ndmi_rmse,ndmi_mae,ndsi_rmse,ndsi_mae,nbr_rmse,nbr_mae,evi_rmse,evi_mae
phase56b_lowridge_retry_20k_results.csv,p56b_lowridge_fw86_s0p55_lh0p15,ok,19988,12,90.071650208,reflectance,all,200,0.04,86.0,0.55,0.08,5,True,0,2.5,,0.15,60.0,,,4,,,,220.7360687742411,98.41779861929659,0.06354586452638245,0.031604172363796035,0.09698831555615835,0.028714191547102325,0.07812419675528223,0.03638825914845986,0.07837470226716987,0.0371844849782135,0.08844450733899703,0.03802394772301374,0.7409179011424953,0.03653793090253206
phase56b_lowridge_retry_20k_results.csv,p56b_lowridge_fw86_s0p625_lh0p15,ok,19988,12,91.12429374999999,reflectance,all,200,0.04,86.0,0.625,0.08,5,True,0,2.5,,0.15,60.0,,,4,,,,220.73756276117575,98.4420618803036,0.06368553598080516,0.03163588384019796,0.10300627156065911,0.02879105922425674,0.07777827361270705,0.036372461698491905,0.07819063859671925,0.037191600791848904,0.08762682352130728,0.03801474107380632,0.741018067258063,0.03656428486871816
phase56b_lowridge_retry_20k_results.csv,p56b_lowridge_fw88_s0p55_lh0p15,ok,19988,12,93.52927604199999,reflectance,all,200,0.04,88.0,0.55,0.08,5,True,0,2.5,,0.15,60.0,,,4,,,,220.73931157797347,98.42390009930446,0.06305700686570316,0.03160437612547798,0.09822048305151176,0.028724885411758192,0.07346959453079874,0.03632675836175613,0.07828461906153507,0.037178269407599905,0.07927769551378126,0.03791855188633532,0.7409353541512876,0.036557758808165856
phase53_shrinkage_neighborhood_20k_results.csv,p53_maebasin_s0p625,ok,19988,12,95.80443775000003,reflectance,all,200,0.04,88.0,0.625,0.08,5,True,0,2.5,,0.15,60.0,,,4,,,,220.73964607677598,98.44723413367733,0.06320240498143803,0.03163525562706151,0.10444848265027239,0.028802662304239904,0.07331878738843173,0.036312862419079564,0.07810441312030446,0.03718456161812266,0.07895644822604099,0.037913250492694145,0.7410364195741829,0.03658357711301325
phase56b_lowridge_retry_20k_results.csv,p56b_lowridge_fw88_s0p625_lh0p15,ok,19988,12,93.06375783300001,reflectance,all,200,0.04,88.0,0.625,0.08,5,True,0,2.5,,0.15,60.0,,,4,,,,220.73964607677598,98.44723413367733,0.06320240498143803,0.03163525562706151,0.10444848265027239,0.028802662304239904,0.07331878738843173,0.036312862419079564,0.07810441312030446,0.03718456161812266,0.07895644822604099,0.037913250492694145,0.7410364195741829,0.03658357711301325
phase51_norm_basin_20k_results.csv,p51_centered_m208_r0p05_fw64_s0p75_h0p12_lh0p15,ok,19988,12,100.88000045900003,centered_reflectance,all,208,0.05,64.0,0.75,0.12,5,True,0,2.5,,0.15,60.0,,,4,,,,220.7441790381477,96.10683034699404,0.06040423277734157,0.03083601151927356,0.07396091734948296,0.02785306315699041,0.07661471650138361,0.035582183347096966,0.07680379092349342,0.03541839574750941,0.1250750027713737,0.03745874880474264,0.7473559579695432,0.03664164313136434
phase53_shrinkage_neighborhood_20k_results.csv,p53_maebasin_s0p5,ok,19988,12,99.23390341599998,reflectance,all,200,0.04,88.0,0.5,0.08,5,True,0,2.5,,0.15,60.0,,,4,,,,220.74803479985275,98.41335975377135,0.06297458854582007,0.03158683524350223,0.09466428663149522,0.028680269299933003,0.07359362249752091,0.03634079290370353,0.07841897681945931,0.03717674407973369,0.07954186883357295,0.037928729525245,0.7408684035353671,0.036544153831628685
phase56b_lowridge_retry_20k_results.csv,p56b_lowridge_fw90_s0p55_lh0p15,ok,19988,12,91.92207562499993,reflectance,all,200,0.04,90.0,0.55,0.08,5,True,0,2.5,,0.15,60.0,,,4,,,,220.74833678676197,98.43221721600163,0.06281903923035291,0.03161132852918689,0.09950027134797187,0.02873713764381134,0.07149611721673678,0.03630061519097033,0.07819921619921266,0.03717278251581941,0.0762328475867993,0.03788411976290957,0.7409544044620515,0.03657822312465173
phase56b_lowridge_retry_20k_results.csv,p56b_lowridge_fw90_s0p625_lh0p15,ok,19988,12,92.48623366699996,reflectance,all,200,0.04,90.0,0.625,0.08,5,True,0,2.5,,0.15,60.0,,,4,,,,220.7489593346311,98.45515197902063,0.06296821231374942,0.031641743844495154,0.10594683713182108,0.028815914076345733,0.0714075923731746,0.03628707224945326,0.07802300251994172,0.03717900487466955,0.07602359960505417,0.037879248931558675,0.7410563754821787,0.03660370411742305
phase56b_lowridge_retry_20k_results.csv,p56b_lowridge_fw86_s0p7_lh0p15,ok,19988,12,91.73818858400003,reflectance,all,200,0.04,86.0,0.7,0.08,5,True,0,2.5,,0.15,60.0,,,4,,,,220.75229876481606,98.47264735909876,0.06384738601446673,0.031673758075030436,0.1103198896476806,0.02888366463255798,0.07748697176007616,0.03636315779590106,0.07802972694543168,0.037206944052846476,0.08693687361269022,0.038015925202063774,0.7411188073899849,0.03659781930571097
phase56b_lowridge_retry_20k_results.csv,p56b_lowridge_fw88_s0p7_lh0p15,ok,19988,12,91.68613729200001,reflectance,all,200,0.04,88.0,0.7,0.08,5,True,0,2.5,,0.15,60.0,,,4,,,,220.75420771375508,98.47688253464744,0.06337066840555368,0.03167246341279292,0.11203082951414672,0.028895720494737986,0.0732035013261659,0.03630512497164212,0.07794701765010546,0.037199087825223597,0.07870538411030319,0.037918232260912406,0.7411380657023497,0.03661549553876833
phase56b_lowridge_retry_20k_results.csv,p56b_lowridge_fw90_s0p7_lh0p15,ok,19988,12,91.91680420900002,reflectance,all,200,0.04,90.0,0.7,0.08,5,True,0,2.5,,0.15,60.0,,,4,,,,220.76274169036878,98.48408663605083,0.06314068144973202,0.03167805094874945,0.11380984718029256,0.02890962147114748,0.0713494205090918,0.036279880126884115,0.07786883568108618,0.037192509558782186,0.07587472310379635,0.037884959358881025,0.7411589266995865,0.03663398614923374
phase48_low_ridge_high_penalty_20k_results.csv,p48_m200_r0p04_fw88_s0p75_h0p08_lh0p15,ok,19988,12,97.63200758300002,reflectance,all,200,0.04,88.0,0.75,0.08,5,True,0,2.5,,0.15,60.0,,,4,,,,220.77030891187707,98.5003446634347,0.06349423941579002,0.031699355448923994,0.1180497638886163,0.02896728679893511,0.07314370462429397,0.036303566128786637,0.07785330829509875,0.037211135969600254,0.07856975710071334,0.03792557386727786,0.7412060746432998,0.036640161200509676
phase53_shrinkage_neighborhood_20k_results.csv,p53_maebasin_s0p75,ok,19988,12,95.87002912499997,reflectance,all,200,0.04,88.0,0.75,0.08,5,True,0,2.5,,0.15,60.0,,,4,,,,220.77030891187707,98.5003446634347,0.06349423941579002,0.03169935544892399,0.1180497638886163,0.02896728679893511,0.07314370462429395,0.036303566128786637,0.07785330829509875,0.037211135969600254,0.07856975710071334,0.03792557386727786,0.7412060746432998,0.036640161200509676
phase48_low_ridge_high_penalty_20k_results.csv,p48_m200_r0p04_fw80_s0p75_h0p08_lh0p3,ok,19988,12,103.44651924999994,reflectance,all,200,0.04,80.0,0.75,0.08,5,True,0,2.5,,0.3,60.0,,,4,,,,220.77435752720015,98.47733139690031,0.07822605222727994,0.03187942083502851,0.11124509037590212,0.02892312781947364,0.48798645297937576,0.03947289015843142,0.0781487504739455,0.03724072401196715,0.12670976203339349,0.038346953330304905,0.7411570318710555,0.03656933858602327
phase48_low_ridge_high_penalty_20k_results.csv,p48_m200_r0p04_fw84_s0p75_h0p08_lh0p15,ok,19988,12,98.77945062499998,reflectance,all,200,0.04,84.0,0.75,0.08,5,True,0,2.5,,0.15,60.0,,,4,,,,220.77444136096665,98.49506885292585,0.06502553879644632,0.031716018872590235,0.11425924144656999,0.028942839239013477,0.08998208355660202,0.03650480818408983,0.07801943684309483,0.03722896819214541,0.12381653187350204,0.038372659790296755,0.7411680165475872,0.036606453410577625
phase48_low_ridge_high_penalty_20k_results.csv,p48_m200_r0p04_fw82_s0p75_h0p08_lh0p15,ok,19988,12,100.321080833,reflectance,all,200,0.04,82.0,0.75,0.08,5,True,0,2.5,,0.15,60.0,,,4,,,,220.78724284847902,98.49610709466099,0.06793309116640069,0.03176089474733494,0.11248323864162682,0.028934446824314702,0.16188310402018125,0.037115847994680505,0.07810979607256856,0.03724023737494631,1.7236916492903462,0.04982111575613559,0.741151563567851,0.03659058976006433
phase48_low_ridge_high_penalty_20k_results.csv,p48_m200_r0p04_fw80_s0p75_h0p08_lh0p2,ok,19988,12,111.98597841600008,reflectance,all,200,0.04,80.0,0.75,0.08,5,True,0,2.5,,0.2,60.0,,,4,,,,220.79777445521745,98.4929666963285,0.07982274350554061,0.031903888162784916,0.11094279648966189,0.02892700003820945,0.3731332655282793,0.03865625407516499,0.07818637605811549,0.03724889251776209,0.12123369615781442,0.038305995533970794,0.7411436348507394,0.03657337928731587
phase48_low_ridge_high_penalty_20k_results.csv,p48_m200_r0p04_fw80_s0p75_h0p08_lh0p15,ok,19988,12,97.54303924999999,reflectance,all,200,0.04,80.0,0.75,0.08,5,True,0,2.5,,0.15,60.0,,,4,,,,220.80956781731462,98.50082604682964,0.08071064351645636,0.031916915719841864,0.11079159961835856,0.028928951241173784,0.33451849972098274,0.038381066948904405,0.07820538025870201,0.03725299240594747,0.11879994585929224,0.0382878077819913,0.7411369273928995,0.03657541044978533
phase48_low_ridge_high_penalty_20k_results.csv,p48_m200_r0p04_fw80_s0p75_h0p08_lh0p1,ok,19988,12,107.048683708,reflectance,all,200,0.04,80.0,0.75,0.08,5,True,0,2.5,,0.1,60.0,,,4,,,,220.8214182110824,98.50871105404218,0.08166628034173401,0.031930534151209396,0.11064037110082181,0.028930911252994834,0.30356011544981865,0.0381600874493278,0.07822451382689564,0.03725710526963082,0.11654273308133631,0.03827096068911043,0.7411302139456396,0.0365774490863245
phase48_low_ridge_high_penalty_20k_results.csv,p48_m200_r0p04_fw80_s0p75_h0p08_lh0p08,ok,19988,12,101.75930849999997,reflectance,all,200,0.04,80.0,0.75,0.08,5,True,0,2.5,,0.08,60.0,,,4,,,,220.82617439447688,98.51187194695706,0.08206903887528787,0.0319361581320994,0.11057987114956462,0.02893169752254048,0.2928381137808243,0.038083462378071004,0.07823220377100674,0.03725875350339012,0.11568545675298879,0.038264570218050804,0.741127526885535,0.03657826618719719
phase53_shrinkage_neighborhood_20k_results.csv,p53_maebasin_s0p875,ok,19988,12,95.7484958340001,reflectance,all,200,0.04,88.0,0.875,0.08,5,True,0,2.5,,0.15,60.0,,,4,,,,220.82795483773526,98.56739911410823,0.06383932827463007,0.031773789948036354,0.13790504203912696,0.02918506560654756,0.07304639816736544,0.03630674804170983,0.07765312878215122,0.03725299302343202,0.07832186683839343,0.037954878979757606,0.7413767240587869,0.03670537478555935
phase38_m200_ridge_huber_20k_results.csv,p38_reflectance_m200_r0p04_fw80_s0p75_h0p08_hi5,ok,19988,12,91.55221499999999,reflectance,all,200,0.04,80.0,0.75,0.08,5,True,0,2.5,,,,,,,,,,220.8357141404374,98.5182052867541,0.08291237070869821,0.03194772920295485,0.11045885710834347,0.028933276467198156,0.27369540726807123,0.03794651724733663,0.07824764670323023,0.037262054726558975,0.11404366439854036,0.038252348705519044,0.7411221498762458,0.03657990460286326
phase48_low_ridge_high_penalty_20k_results.csv,p48_m200_r0p035_fw80_s0p75_h0p08_lh0p15,ok,19988,12,99.05750966699999,reflectance,all,200,0.035,80.0,0.75,0.08,5,True,0,2.5,,0.15,60.0,,,4,,,,220.84744155447376,98.48195723561463,0.06319861363297749,0.031591862526505,0.10807720832541132,0.029003264987843818,0.07202186735814796,0.036164153453073694,0.07860130746300184,0.037324935124343435,0.07432788123600241,0.03766319392644175,0.7410901842305079,0.03649822356529215
phase53_shrinkage_neighborhood_20k_results.csv,p53_maebasin_s1p0,ok,19988,12,95.96459354100011,reflectance,all,200,0.04,88.0,1.0,0.08,5,True,0,2.5,,0.15,60.0,,,4,,,,220.90530214699484,98.64146298964239,0.06423236868045296,0.03185825381661512,0.16904601617422918,0.02948647879272094,0.0730160628108719,0.03632151821922066,0.07749477759773289,0.03730409833611118,0.07818262223118028,0.03799607374067558,0.7415480178676745,0.03677546917475489
phase48_low_ridge_high_penalty_20k_results.csv,p48_m200_r0p035_fw80_s0p75_h0p06_lh0p15,ok,19988,12,93.784121792,reflectance,all,200,0.035,80.0,0.75,0.06,5,True,0,2.5,,0.15,60.0,,,4,,,,220.91464650613653,97.9777288467515,0.06406259813987149,0.03153036572283903,0.1071636447760523,0.028830559439722136,0.07326000004087874,0.03596960833131173,0.07823202328385162,0.03699358402740062,0.07485627227000168,0.037467456611948176,0.7415815462673074,0.03650473836720168
phase48_low_ridge_high_penalty_20k_results.csv,p48_m200_r0p045_fw80_s0p75_h0p08_lh0p15,ok,19988,12,97.80186587500003,reflectance,all,200,0.045,80.0,0.75,0.08,5,True,0,2.5,,0.15,60.0,,,4,,,,220.93492423951136,98.58378107989942,0.06310387464193448,0.03170148613663108,0.11614410006159573,0.02895250235907602,0.07129925735050738,0.036280443927728924,0.07789531329860955,0.037216937226792146,0.07582399854047098,0.03790004354407919,0.7412312153280967,0.03667051638616013
phase38_m200_ridge_huber_20k_results.csv,p38_reflectance_m200_r0p04_fw80_s0p75_h0p10_hi5,ok,19988,12,86.19699075,reflectance,all,200,0.04,80.0,0.75,0.1,5,True,0,2.5,,,,,,,,,,220.94262330597476,98.93412547119394,8.262925411747954,0.09007865113874748,0.11070529567266461,0.029051705947325958,0.10508089299554506,0.036815545778134125,0.07854993898081088,0.037500248049553896,0.08821554085171053,0.038154228990213465,0.7407588911292329,0.03657622822866851
phase38_m200_ridge_huber_20k_results.csv,p38_reflectance_m200_r0p045_fw80_s0p75_h0p08_hi5,ok,19988,12,92.38852604199997,reflectance,all,200,0.045,80.0,0.75,0.08,5,True,0,2.5,,,,,,,,,,220.9559392215535,98.59847188907165,0.06311875681558363,0.03170803688376016,0.11580832429813917,0.028955469204855696,0.07139519492759983,0.03628875298510227,0.07792942806545226,0.0372245604776149,0.07596178738719166,0.037909329545138794,0.7412167199255862,0.03667416437636139
phase38_m200_ridge_huber_20k_results.csv,p38_reflectance_m200_r0p045_fw80_s0p75_h0p10_hi5,ok,19988,12,91.078675375,reflectance,all,200,0.045,80.0,0.75,0.1,5,True,0,2.5,,,,,,,,,,220.9791012994458,99.00405088960441,0.06373407064193187,0.03179967853006952,0.11594424306734848,0.02906625607173788,0.07462693327087222,0.03653588663979028,0.07822397298825719,0.0374629823867024,0.08090326973401,0.0381706886874725,0.7408510541795882,0.03667000849260634
phase48_low_ridge_high_penalty_20k_results.csv,p48_m200_r0p04_fw80_s0p75_h0p06_lh0p15,ok,19988,12,113.49637720800004,reflectance,all,200,0.04,80.0,0.75,0.06,5,True,0,2.5,,0.15,60.0,,,4,,,,221.0066265361371,98.015414683187,0.06710470923999715,0.0316458302691956,0.1105862974832499,0.028784123936316294,0.1319723698028158,0.03664034539609889,0.07785006274442621,0.036920621200312094,0.868441622926699,0.043526404281325606,0.741628021420709,0.036582888263902984
phase51_norm_basin_20k_results.csv,p51_centered_m200_r0p05_fw64_s0p75_h0p12_lh0p15,ok,19988,12,92.65041479200002,centered_reflectance,all,200,0.05,64.0,0.75,0.12,5,True,0,2.5,,0.15,60.0,,,4,,,,221.03284243610526,96.15935858126709,0.07926416569308026,0.03111576263472458,0.19352563486896907,0.028724011255018746,0.28303715239948113,0.037107754022272746,0.07639881115953662,0.03548616811326558,0.11111557766545875,0.037044909405793684,0.7404877137693292,0.03637765184121216
phase48_low_ridge_high_penalty_20k_results.csv,p48_m208_r0p04_fw80_s0p75_h0p08_lh0p15,ok,19988,12,109.7637641660001,reflectance,all,208,0.04,80.0,0.75,0.08,5,True,0,2.5,,0.15,60.0,,,4,,,,221.04980599394617,98.52349116416164,0.06030220620667766,0.03164273757868933,0.0664295969445638,0.028617659679791952,0.1288322647720882,0.036995666284495944,0.07894821170252968,0.037192035446116704,0.10158500077354937,0.03844679148139292,0.7484744133360464,0.036835869036282165
phase38_m200_ridge_huber_20k_results.csv,p38_reflectance_m200_r0p04_fw80_s0p75_h0p11_hi5,ok,19988,12,91.88414016599995,reflectance,all,200,0.04,80.0,0.75,0.11,5,True,0,2.5,,,,,,,,,,221.06977237539147,99.11460901392235,0.18215145244366845,0.03288116665965627,0.11082925210425941,0.02910375342960357,0.09540895424943857,0.03679647779873794,0.07869370219615744,0.03759922067894857,0.0852839028049548,0.03818871582635127,0.7406305924897089,0.036577352903001
phase38_m200_ridge_huber_20k_results.csv,p38_reflectance_m200_r0p045_fw80_s0p75_h0p11_hi5,ok,19988,12,92.70477795799991,reflectance,all,200,0.045,80.0,0.75,0.11,5,True,0,2.5,,,,,,,,,,221.0739802409601,99.1812293856097,0.06407300136817778,0.03184309465437776,0.11601396821853584,0.02911478664300929,0.07670930223593544,0.03664592916692806,0.07836013143990013,0.03756075196066417,0.08453782337737252,0.03829629297434998,0.7407369997232737,0.0366709142723901
phase51_norm_basin_20k_results.csv,p51_centered_m200_r0p04_fw80_s0p75_h0p1_lh0p15,ok,19988,12,93.96716120899998,centered_reflectance,all,200,0.04,80.0,0.75,0.1,5,True,0,2.5,,0.15,60.0,,,4,,,,221.08310532821258,96.17893150976545,0.07966986259376611,0.031122004973418615,0.208284521542953,0.02883218832373683,0.2773398760188516,0.03706736503430499,0.07631505415175749,0.035487325465151945,0.11067652954603344,0.03704510014898835,0.7404968946132592,0.03637882506558006
phase53_shrinkage_neighborhood_20k_results.csv,p53_maebasin_s1p25,ok,19988,12,95.68766991599978,reflectance,all,200,0.04,88.0,1.25,0.08,5,True,0,2.5,,0.15,60.0,,,4,,,,221.1016651724979,98.80574995414987,0.06515642381278025,0.03205057665809797,0.3420015919081855,0.03088125996199342,0.07314236783525765,0.0363852966702881,0.07727736851978749,0.03741483860295566,0.07816952283933866,0.038112003698816885,0.7418918537740642,0.03692626628174338
phase37_m200_regularization_20k_results.csv,p37_reflectance_m200_r0p05_fw80_s0p75_h0p10_hi5,ok,19988,12,91.78022195800008,reflectance,all,200,0.05,80.0,0.75,0.1,5,True,0,2.5,,,,,,,,,,221.12917213209928,99.12343112460312,0.06310301067167566,0.03185116795500913,0.12261084842563807,0.029126817317215614,0.06991154532675793,0.036510100876808074,0.07796694028386371,0.03745199520417366,0.07455833611040417,0.03816204460661472,0.7409815123772616,0.036775204411141266
phase37_m200_regularization_20k_results.csv,p37_reflectance_m200_r0p04_fw80_s0p75_h0p12_hi5,ok,19988,12,88.345765542,reflectance,all,200,0.04,80.0,0.75,0.12,5,True,0,2.5,,,,,,,,,,221.14898169862707,99.27272048644191,0.1093650840836585,0.03233702890129182,0.11096885547405247,0.02915296549354146,0.08930001674503293,0.036795428429074475,0.07880620171530374,0.03768531910500741,0.08313941286845086,0.03821902214082455,0.7405775083481598,0.0365805779545048
phase37_m200_regularization_20k_results.csv,p37_reflectance_m200_r0p045_fw80_s0p75_h0p12_hi5,ok,19988,12,92.40733308400002,reflectance,all,200,0.045,80.0,0.75,0.12,5,True,0,2.5,,,,,,,,,,221.1510610694974,99.33874843460184,0.06442416088802132,0.0318824268025775,0.11608826442946946,0.029160240111118976,0.07921905209808879,0.03674737515813922,0.07847360444377796,0.03764536453118544,0.08945752663141011,0.03842196024433844,0.7406816442956862,0.03667392748171552
phase38_m200_ridge_huber_20k_results.csv,p38_reflectance_m200_r0p05_fw80_s0p75_h0p08_hi5,ok,19988,12,91.52230029100002,reflectance,all,200,0.05,80.0,0.75,0.08,5,True,0,2.5,,,,,,,,,,221.19227312491978,98.72888816093315,0.06289157942877892,0.031772948169337685,0.12251276305680536,0.029019672248087897,0.06923536459550444,0.03630805623841225,0.07768147568918884,0.03721418511011274,0.07387826710342987,0.0379673616695917,0.7413500672199255,0.0367800951174626
phase56_tiny_neighborhood_20k_results.csv,p56_rmse_fw80_s0p625_lh0p2,ok,19988,12,94.14015354199995,reflectance,all,200,0.05,80.0,0.625,0.12,5,True,0,2.5,,0.2,60.0,,,4,,,,221.22661471879854,99.39079419285753,0.0630156433265142,0.03185459291240184,0.1086855807199216,0.02905291945098424,0.07080059199947487,0.03667465772633455,0.07840724747609938,0.037605959956152624,0.07580962204554252,0.038316296095512244,0.7406682213592428,0.03672685444549833
phase56_tiny_neighborhood_20k_results.csv,p56_rmse_fw80_s0p7_lh0p2,ok,19988,12,94.18446837500005,reflectance,all,200,0.05,80.0,0.7,0.12,5,True,0,2.5,,0.2,60.0,,,4,,,,221.22794658470056,99.41467686380234,0.06318264945311196,0.031887272653463805,0.11678681580854636,0.02914394110820575,0.0707108588324457,0.03666540202039357,0.0782572952946927,0.03761437830271304,0.07551870419434675,0.038311678788063915,0.7407738392988714,0.03675429904880313
phase48_low_ridge_high_penalty_20k_results.csv,p48_m200_r0p045_fw80_s0p75_h0p06_lh0p15,ok,19988,12,96.95741625,reflectance,all,200,0.045,80.0,0.75,0.06,5,True,0,2.5,,0.15,60.0,,,4,,,,221.23444781744908,98.11186440317007,0.06275012827074145,0.031602367691323,0.11602275108061168,0.028815179459559286,0.06991342272764316,0.03602445777724456,0.07755338132101665,0.036885847111056295,0.07397598932243477,0.03764059103145142,0.7417229777158849,0.036678261237854955
phase56_tiny_neighborhood_20k_results.csv,p56_rmse_fw82_s0p625_lh0p2,ok,19988,12,95.9316482910001,reflectance,all,200,0.05,82.0,0.625,0.12,5,True,0,2.5,,0.2,60.0,,,4,,,,221.23501303748418,99.40936905452685,0.0630429104453405,0.0318763665722461,0.11081496428146463,0.029075855108819174,0.07065880900240833,0.03669233971728865,0.07832027340579946,0.037604511210345304,0.07601074365082189,0.038352728218928406,0.7407062769217794,0.03675288073273577
phase56_tiny_neighborhood_20k_results.csv,p56_rmse_fw82_s0p7_lh0p2,ok,19988,12,95.96810945900006,reflectance,all,200,0.05,82.0,0.7,0.12,5,True,0,2.5,,0.2,60.0,,,4,,,,221.23514984455156,99.43195644983265,0.06321294836599302,0.03190835831846889,0.11932305401289615,0.029169174703290356,0.07056128719390027,0.036682602269252094,0.07817374684806543,0.037612346022398754,0.07566629605917558,0.03834608124970552,0.7408130302073113,0.036779828895837204
phase56_tiny_neighborhood_20k_results.csv,p56_rmse_fw80_s0p625_lh0p15,ok,19988,12,95.73189691699997,reflectance,all,200,0.05,80.0,0.625,0.12,5,True,0,2.5,,0.15,60.0,,,4,,,,221.23568637347736,99.39703188528406,0.06301727863480405,0.031857122571991234,0.10856500504764781,0.0290542503020515,0.07080736362711043,0.03667736522092278,0.07842198862908636,0.0376091906186543,0.07581848264479499,0.038319058989120185,0.7406615227985037,0.036728378007152895
phase56_tiny_neighborhood_20k_results.csv,p56_rmse_fw80_s0p7_lh0p15,ok,19988,12,94.765759,reflectance,all,200,0.05,80.0,0.7,0.12,5,True,0,2.5,,0.15,60.0,,,4,,,,221.2370505187259,99.4209160875064,0.0631839104639793,0.03188981333858706,0.11663962492115484,0.029145076339652104,0.0707176850642838,0.03666810425730599,0.0782715236441822,0.03761759999545237,0.07552781301024684,0.03831443833932061,0.7407671333136878,0.03675581434404631
phase56_tiny_neighborhood_20k_results.csv,p56_rmse_fw80_s0p55_lh0p2,ok,19988,12,95.25010020899998,reflectance,all,200,0.05,80.0,0.55,0.12,5,True,0,2.5,,0.2,60.0,,,4,,,,221.23814000765515,99.37476060408626,0.06287239755119975,0.03182699941268341,0.10203249674423875,0.028975546381213697,0.07092349438637456,0.03669231021476251,0.07857738546065626,0.03760232089343441,0.07619140881319746,0.03833097394687326,0.7405631657986697,0.03670387274477328
phase56_tiny_neighborhood_20k_results.csv,p56_rmse_fw80_s0p625_lh0p12,ok,19988,12,94.32866283300001,reflectance,all,200,0.05,80.0,0.625,0.12,5,True,0,2.5,,0.12,60.0,,,4,,,,221.24114682958594,99.40078471572588,0.0630182758132835,0.0318586435228403,0.10849264156574316,0.02905505108625695,0.07081152322257096,0.03667899484334359,0.07843087201986233,0.03761113183160561,0.07582394039117026,0.03832072482756191,0.7406575016714414,0.03672929491390135
phase56_tiny_neighborhood_20k_results.csv,p56_rmse_fw80_s0p7_lh0p12,ok,19988,12,94.35763933299995,reflectance,all,200,0.05,80.0,0.7,0.12,5,True,0,2.5,,0.12,60.0,,,4,,,,221.2425303860239,99.4246671551752,0.06318468244377358,0.031891340582582244,0.11655130418770496,0.029145760302600875,0.0707218749028385,0.036669730526824346,0.07828009745725985,0.03761953822221197,0.07553341265876387,0.03831610229939955,0.7407631077471486,0.03675672556326926
phase56_tiny_neighborhood_20k_results.csv,p56_rmse_fw82_s0p625_lh0p15,ok,19988,12,95.875087334,reflectance,all,200,0.05,82.0,0.625,0.12,5,True,0,2.5,,0.15,60.0,,,4,,,,221.2437555465943,99.4154266575704,0.06304354506793235,0.03187876785130892,0.11069027929775122,0.029077074306165008,0.07065992875953252,0.03669482051327534,0.07833439456043224,0.037607656387253476,0.07601164128633686,0.03835519040642099,0.7406995353077566,0.03675434523178754
phase56_tiny_neighborhood_20k_results.csv,p56_rmse_fw82_s0p7_lh0p15,ok,19988,12,94.737403416,reflectance,all,200,0.05,82.0,0.7,0.12,5,True,0,2.5,,0.15,60.0,,,4,,,,221.24392614435249,99.43801655681767,0.06321321971387615,0.03191078252280623,0.11917049325772902,0.029170193133159897,0.07056264396801794,0.03668509077435295,0.0781873863624224,0.03761547618504659,0.0756678205444225,0.03834854194083759,0.7408062798783025,0.03678129751172359
phase42_lambda_high_20k_results.csv,p42_m200_r0p05_fw80_s0p75_h0p12_lh0p15_lfp60,ok,19988,12,94.151878334,reflectance,all,200,0.05,80.0,0.75,0.12,5,True,0,2.5,,0.15,60.0,,,,,,,221.24393482235737,99.4392647200574,0.06330688370046829,0.03191346333554251,0.12305020074749871,0.02921426546905836,0.07067324898254908,0.03666470728543249,0.0781812333913469,0.037626950572851287,0.07537276856364157,0.03831644348010465,0.7408377793594413,0.0367757155444488
phase56_tiny_neighborhood_20k_results.csv,p56_rmse_fw80_s0p55_lh0p15,ok,19988,12,94.67767404199999,reflectance,all,200,0.05,80.0,0.55,0.12,5,True,0,2.5,,0.15,60.0,,,4,,,,221.24717947276184,99.38099652411066,0.06287439212221459,0.03182952796323652,0.10193231229797778,0.028977021824309303,0.07093018622693552,0.0366950451885625,0.07859268476921691,0.037605569966205725,0.07619999134745019,0.03833374192620885,0.7405564743240678,0.03670539417745031
phase56_tiny_neighborhood_20k_results.csv,p56_rmse_fw82_s0p55_lh0p2,ok,19988,12,94.54383920800001,reflectance,all,200,0.05,82.0,0.55,0.12,5,True,0,2.5,,0.2,60.0,,,4,,,,221.24767113712062,99.39419793958476,0.06289695942428032,0.03184974385212044,0.10384695570365424,0.02899733363001804,0.07078928100227888,0.036710096126133046,0.07848645844871543,0.03760104385790736,0.07645051542055903,0.038369065309063484,0.7406000881497199,0.03673087881520911
phase56_tiny_neighborhood_20k_results.csv,p56_rmse_fw84_s0p7_lh0p2,ok,19988,12,100.48469320899994,reflectance,all,200,0.05,84.0,0.7,0.12,5,True,0,2.5,,0.2,60.0,,,4,,,,221.24826473321784,99.45184485857995,0.06327388062966585,0.03193171946268413,0.12197896309139289,0.02919633829142776,0.07058117798636077,0.036705362381905166,0.07809534177647016,0.03761125891568012,0.0761579542859437,0.03839111509576172,0.7408541602033066,0.036806043365741614
phase56_tiny_neighborhood_20k_results.csv,p56_rmse_fw82_s0p625_lh0p12,ok,19988,12,95.43654566600003,reflectance,all,200,0.05,82.0,0.625,0.12,5,True,0,2.5,,0.12,60.0,,,4,,,,221.249017732233,99.419068727834,0.06304393733482784,0.03188021195499416,0.11061545330955153,0.02907780801306868,0.07066067980109368,0.0366963146621297,0.07834290331964527,0.037609547405378294,0.07601232034405027,0.038356674796056936,0.7406954884040113,0.03675522647201843
phase56_tiny_neighborhood_20k_results.csv,p56_rmse_fw82_s0p7_lh0p12,ok,19988,12,97.33177891700007,reflectance,all,200,0.05,82.0,0.7,0.12,5,True,0,2.5,,0.12,60.0,,,4,,,,221.2492085503048,99.44165938170887,0.06321339343091222,0.031912239770029445,0.119078955515952,0.029170806551504235,0.07056353499203938,0.03668658876661031,0.07819560440365374,0.03761735899569903,0.07566886638712814,0.038350024923848286,0.7408022277592037,0.036782181031471656
phase56_tiny_neighborhood_20k_results.csv,p56_rmse_fw84_s0p625_lh0p2,ok,19988,12,101.66239991700013,reflectance,all,200,0.05,84.0,0.625,0.12,5,True,0,2.5,,0.2,60.0,,,4,,,,221.24925798709066,99.43053379726712,0.06310094547094068,0.031900153833595735,0.11303847454023279,0.029100547367566214,0.07069188588595511,0.03671587345853532,0.07823861703822212,0.03760416041283485,0.07658297001213502,0.03839990794826962,0.7407462678505458,0.0367796093864755
phase56_tiny_neighborhood_20k_results.csv,p56_rmse_fw80_s0p55_lh0p12,ok,19988,12,95.511516292,reflectance,all,200,0.05,80.0,0.55,0.12,5,True,0,2.5,,0.12,60.0,,,4,,,,221.2526203205867,99.38474703248414,0.06287560549715687,0.03183104792047714,0.10187217793239975,0.028977909637773244,0.0709343005926467,0.036696690986668425,0.07860190506967539,0.03760752578438757,0.07620528942942754,0.03833540946996704,0.7405524574334008,0.03670630941786768
phase42_lambda_high_20k_results.csv,p42_m200_r0p05_fw80_s0p75_h0p12_lh0p10_lfp60,ok,19988,12,93.687177166,reflectance,all,200,0.05,80.0,0.75,0.12,5,True,0,2.5,,0.1,60.0,,,,,,,221.25309829704142,99.44551725688571,0.06330791733404623,0.031916018004963576,0.12288049535442785,0.029215237569636766,0.07068028918143665,0.03666739824147234,0.07819521732400748,0.0376301658812137,0.07538229754898035,0.03831926361545859,0.7408310641386996,0.036777232511583983
phase50_current_basin_fw_lh_20k_results.csv,p50_m200_r0p05_fw84_s0p75_h0p12_lh0p2,ok,19988,12,93.538516917,reflectance,all,200,0.05,84.0,0.75,0.12,5,True,0,2.5,,0.2,60.0,,,4,,,,221.2535316405932,99.4692676952316,0.06340143847614906,0.031954390664110016,0.12911836893686146,0.029270177735823896,0.07052267260602617,0.03670118342674089,0.07800931668334404,0.037620124185844796,0.07591919300332033,0.03839073915579581,0.7409263307247853,0.03682536673800396
phase42_lambda_high_20k_results.csv,p42_m200_r0p05_fw80_s0p75_h0p12_lh0p08_lfp90,ok,19988,12,95.36277649999994,reflectance,all,200,0.05,80.0,0.75,0.12,5,True,0,2.5,,0.08,90.0,,,,,,,221.25374444110767,99.44682711060393,0.0633116175507546,0.03191650754327819,0.12300447389162403,0.02921651372058094,0.07067681667418833,0.036667939526389706,0.07819721229351075,0.037630930232369714,0.0753809072307614,0.03831985086291742,0.740828406402376,0.0367773627760392
phase37_m200_regularization_20k_results.csv,p37_reflectance_m200_r0p05_fw80_s0p625_h0p12_hi5,ok,19988,12,93.42232187500002,reflectance,all,200,0.05,80.0,0.625,0.12,5,True,0,2.5,,,,,,,,,,221.2539389165594,99.40956426329133,0.06302064971453569,0.03186220639507772,0.1083237412177742,0.029056926510517413,0.07082151302735236,0.036682814411382644,0.07845171375182539,0.03761567232089425,0.07583708899550357,0.038324637351635264,0.7406481132233793,0.036731440286724294
phase56_tiny_neighborhood_20k_results.csv,p56_rmse_fw82_s0p55_lh0p15,ok,19988,12,96.15514799999994,reflectance,all,200,0.05,82.0,0.55,0.12,5,True,0,2.5,,0.15,60.0,,,4,,,,221.25638341368548,99.40025226089897,0.06289794230056506,0.03185213720308716,0.10374353013090935,0.028998707200446543,0.07079013636132112,0.036712594630502166,0.07850110319308122,0.0376042059491491,0.07645078902797622,0.03837151915624886,0.7405933549361636,0.03673235920595744
phase56_tiny_neighborhood_20k_results.csv,p56_rmse_fw84_s0p7_lh0p15,ok,19988,12,106.09799120800017,reflectance,all,200,0.05,84.0,0.7,0.12,5,True,0,2.5,,0.15,60.0,,,4,,,,221.2567266903884,99.45772664151563,0.06327344248655799,0.03193406185455761,0.12182072894033687,0.029197237513996523,0.0705779980080054,0.03670764488552958,0.07810842732485829,0.037614312304203534,0.07615165888814907,0.03839325512216193,0.740847366755223,0.03680745605726354
phase42_lambda_high_20k_results.csv,p42_m200_r0p05_fw80_s0p75_h0p12_lh0p08_lfp60,ok,19988,12,91.38862129099999,reflectance,all,200,0.05,80.0,0.75,0.12,5,True,0,2.5,,0.08,60.0,,,,,,,221.25677380187372,99.44802234933857,0.06330833960109877,0.03191704153566316,0.1228126177605571,0.029215628067777173,0.07068315952535306,0.03666847785488412,0.07820083177461334,0.037631456509320774,0.07538618508178481,0.03832039567781874,0.7408283769015831,0.036777840334227846
phase53_shrinkage_neighborhood_20k_results.csv,p53_rmsebasin_s0p625,ok,19988,12,109.39432174999999,reflectance,all,200,0.05,84.0,0.625,0.12,5,True,0,2.5,,0.15,60.0,,,4,,,,221.25769049213164,99.4364262776722,0.06310086193720266,0.031902471947504375,0.11290948441706948,0.029101670608410152,0.0706882991898441,0.03671815681869882,0.07825215560032325,0.03760722207260318,0.0765755551296769,0.0384020437411419,0.7407394843742993,0.03678102645001172
phase56_tiny_neighborhood_20k_results.csv,p56_rmse_fw84_s0p625_lh0p15,ok,19988,12,100.18317179099995,reflectance,all,200,0.05,84.0,0.625,0.12,5,True,0,2.5,,0.15,60.0,,,4,,,,221.25769049213164,99.4364262776722,0.06310086193720266,0.031902471947504375,0.11290948441706948,0.02910167060841015,0.0706882991898441,0.03671815681869882,0.07825215560032327,0.037607222072603176,0.07657555512967691,0.0384020437411419,0.7407394843742993,0.03678102645001172
phase42_lambda_high_20k_results.csv,p42_m200_r0p05_fw80_s0p75_h0p12_lh0p06_lfp60,ok,19988,12,94.275025333,reflectance,all,200,0.05,80.0,0.75,0.12,5,True,0,2.5,,0.06,60.0,,,,,,,221.2604548684891,99.45053002825011,0.0633087669436926,0.031918066124939304,0.12274474282835172,0.029216019291095366,0.07068606099976238,0.03666955968738687,0.07820645818905322,0.037632748207640045,0.07539011611338939,0.03832152964413612,0.7408256890073233,0.03677844872082556
phase56_tiny_neighborhood_20k_results.csv,p56_rmse_fw82_s0p55_lh0p12,ok,19988,12,94.987807083,reflectance,all,200,0.05,82.0,0.55,0.12,5,True,0,2.5,,0.12,60.0,,,4,,,,221.26162713518386,99.40389099030011,0.0628985441058522,0.03185357626794035,0.10368145303993247,0.028999534123442423,0.0707907309215698,0.03671410268521013,0.07850992785429842,0.03760611027902758,0.07645110279636164,0.038372998636030296,0.7405893130583612,0.03673324905505702
phase56_tiny_neighborhood_20k_results.csv,p56_rmse_fw84_s0p7_lh0p12,ok,19988,12,101.5481044170001,reflectance,all,200,0.05,84.0,0.7,0.12,5,True,0,2.5,,0.12,60.0,,,4,,,,221.26181962033763,99.46126460718271,0.06327318780793413,0.03193546969056657,0.12172579258603806,0.0291977805381069,0.07057616828268759,0.03670901922312604,0.07811631072368319,0.03761614884106619,0.07614806641229319,0.03839454627483874,0.7408432888169098,0.03680830530466899
phase50_current_basin_fw_lh_20k_results.csv,p50_m200_r0p05_fw84_s0p75_h0p12_lh0p15,ok,19988,12,91.582969291,reflectance,all,200,0.05,84.0,0.75,0.12,5,True,0,2.5,,0.15,60.0,,,4,,,,221.26201327408822,99.47514518136835,0.06340075476710642,0.03195671949709842,0.12893515301016814,0.029270907810301075,0.07051974787411265,0.036703460699354394,0.07802211988175906,0.037623147449965734,0.07591367123585634,0.038392875673140384,0.7409195304654042,0.036826779661396414
phase53_shrinkage_neighborhood_20k_results.csv,p53_rmsebasin_s0p75,ok,19988,12,103.08780845800001,reflectance,all,200,0.05,84.0,0.75,0.12,5,True,0,2.5,,0.15,60.0,,,4,,,,221.26201327408825,99.47514518136833,0.06340075476710642,0.03195671949709842,0.12893515301016814,0.029270907810301075,0.07051974787411265,0.03670346069935439,0.07802211988175907,0.037623147449965734,0.07591367123585634,0.038392875673140384,0.740919530465404,0.036826779661396414
phase42_lambda_high_20k_results.csv,p42_m200_r0p05_fw80_s0p75_h0p12_lh0p08_lfp30,ok,19988,12,97.36928320800001,reflectance,all,200,0.05,80.0,0.75,0.12,5,True,0,2.5,,0.08,30.0,,,,,,,221.2622970852836,99.45178344015186,0.06330898254457726,0.03191857896161562,0.12271080640294724,0.02921621529685031,0.07068752345223153,0.036670101075911565,0.07820927593288567,0.03763339451852531,0.07539209799409627,0.038322097402821005,0.74082434481398,0.036778753127252546
phase34_best_basin_fine_20k_results.csv,p34_reflectance_m200_r0p05_fw80_s0p75_h0p12_hi5,ok,19988,12,87.153631625,reflectance,all,200,0.05,80.0,0.75,0.12,5,True,0,2.5,,,,,,,,,,221.2622976268562,99.45178472914667,0.06330898252575497,0.0319185789066887,0.12271080636973668,0.02921621516864051,0.0706875234784365,0.036670101192644494,0.07820927592821224,0.03763339450868819,0.07539209799031703,0.038322097374950986,0.7408243448134941,0.036778753240313176
phase40_convergence_probe_20k_results.csv,p40_reflectance_m200_r0p05_fw80_s0p75_h0p12_hi7,ok,19988,12,92.11134366699997,reflectance,all,200,0.05,80.0,0.75,0.12,7,True,0,2.5,,,,,,,,,,221.2622976268562,99.45178472914667,0.06330898252575497,0.0319185789066887,0.12271080636973668,0.02921621516864051,0.0706875234784365,0.036670101192644494,0.07820927592821224,0.03763339450868819,0.07539209799031703,0.03832209737495098,0.7408243448134941,0.036778753240313176
phase43_lambda_step_20k_results.csv,p43_m200_r0p05_fw80_s0p75_h0p12_lstep0_outer1,ok,19988,12,91.56913737500001,reflectance,all,200,0.05,80.0,0.75,0.12,5,True,0,2.5,,,,0.0,1,,,,,221.2622976268562,99.45178472914667,0.06330898252575497,0.0319185789066887,0.12271080636973668,0.029216215168640515,0.0706875234784365,0.036670101192644494,0.07820927592821224,0.03763339450868819,0.07539209799031703,0.03832209737495098,0.7408243448134941,0.036778753240313176
phase43_lambda_step_20k_results.csv,p43_m200_r0p05_fw80_s0p75_h0p12_lstep0p1_outer5,ok,19988,12,95.472718708,reflectance,all,200,0.05,80.0,0.75,0.12,5,True,0,2.5,,,,0.1,5,,,,,221.2622976268562,99.45178472914667,0.06330898252575497,0.0319185789066887,0.12271080636973668,0.029216215168640515,0.0706875234784365,0.036670101192644494,0.07820927592821224,0.03763339450868819,0.07539209799031703,0.038322097374950986,0.7408243448134941,0.036778753240313176
phase43_lambda_step_20k_results.csv,p43_m200_r0p05_fw80_s0p75_h0p12_lstep0p5_outer5,ok,19988,12,97.16193429200001,reflectance,all,200,0.05,80.0,0.75,0.12,5,True,0,2.5,,,,0.5,5,,,,,221.2622976268562,99.45178472914667,0.06330898252575497,0.0319185789066887,0.12271080636973668,0.029216215168640515,0.0706875234784365,0.036670101192644494,0.07820927592821224,0.03763339450868819,0.07539209799031703,0.03832209737495098,0.7408243448134941,0.036778753240313176
phase43_lambda_step_20k_results.csv,p43_m200_r0p05_fw80_s0p75_h0p12_lstep1e30_outer1,ok,19988,12,98.02270116699998,reflectance,all,200,0.05,80.0,0.75,0.12,5,True,0,2.5,,,,1e+30,1,,,,,221.2622976268562,99.45178472914667,0.06330898252575497,0.0319185789066887,0.12271080636973668,0.029216215168640515,0.0706875234784365,0.036670101192644494,0.07820927592821224,0.03763339450868819,0.07539209799031703,0.03832209737495098,0.7408243448134941,0.036778753240313176
phase43_lambda_step_20k_results.csv,p43_m200_r0p05_fw80_s0p75_h0p12_lstep0p01_outer5,ok,19988,12,93.982958458,reflectance,all,200,0.05,80.0,0.75,0.12,5,True,0,2.5,,,,0.01,5,,,,,221.26229762685622,99.45178472914667,0.06330898252575497,0.0319185789066887,0.12271080636973668,0.029216215168640515,0.0706875234784365,0.036670101192644494,0.07820927592821224,0.03763339450868819,0.07539209799031703,0.03832209737495098,0.7408243448134941,0.036778753240313176
phase56_tiny_neighborhood_20k_results.csv,p56_rmse_fw84_s0p625_lh0p12,ok,19988,12,99.49262570799988,reflectance,all,200,0.05,84.0,0.625,0.12,5,True,0,2.5,,0.12,60.0,,,4,,,,221.26276578915724,99.43996805326512,0.06310082056191701,0.031903865170718346,0.11283207877487811,0.029102347886479696,0.0706862280055438,0.036719531262566905,0.07826031241510349,0.037609063374087474,0.07657130583346787,0.03840333323646952,0.7407354124063811,0.03678187953993887
phase56_tiny_neighborhood_20k_results.csv,p56_rmse_fw84_s0p55_lh0p2,ok,19988,12,99.96881491699992,reflectance,all,200,0.05,84.0,0.55,0.12,5,True,0,2.5,,0.2,60.0,,,4,,,,221.26299085410383,99.41583327127223,0.06295240913985051,0.03187442415409078,0.10573742496782042,0.029021015310266,0.0708353928146301,0.03673401286316076,0.0784010543319051,0.03760083074858807,0.07711004228813922,0.03841827205458184,0.740638942020155,0.03675835858846427
phase56_tiny_neighborhood_20k_results.csv,p56_rmse_fw86_s0p7_lh0p2,ok,19988,12,98.88141912499987,reflectance,all,200,0.05,86.0,0.7,0.12,5,True,0,2.5,,0.2,60.0,,,4,,,,221.26691005184804,99.47412474535092,0.06335610341265724,0.03195636897813909,0.1247612046962961,0.029225511007471592,0.07074357152946013,0.0367329590916676,0.07802174610674623,0.03761136638075148,0.07705696568896662,0.038447433926732555,0.7408971575417591,0.03683286645563471
phase56_tiny_neighborhood_20k_results.csv,p56_rmse_fw86_s0p625_lh0p2,ok,19988,12,101.9749162500002,reflectance,all,200,0.05,86.0,0.625,0.12,5,True,0,2.5,,0.2,60.0,,,4,,,,221.26898340988242,99.45388861413117,0.06318034070846999,0.031925237181942706,0.11536046287256922,0.02912727180359212,0.07087256673656459,0.036744398536911145,0.07816193839251304,0.03760469386635059,0.07760053718925579,0.03845874701652871,0.7407881221381852,0.03680693411906638
phase35_m200_fine_20k_results.csv,p35_reflectance_m200_r0p05_fw76_s0p75_h0p12_hi5,ok,19988,12,91.983122708,reflectance,all,200,0.05,76.0,0.75,0.12,5,True,0,2.5,,,,,,,,,,221.27091295907462,99.42773425446347,0.06342925124990564,0.03188821484583785,0.11738992106170323,0.029170268837991144,0.07202091854657766,0.03666351181617317,0.07839251933186664,0.03764292025735281,0.07677939858493374,0.0382972876369165,0.7407508614599336,0.03673115940534312
phase56_tiny_neighborhood_20k_results.csv,p56_rmse_fw84_s0p55_lh0p15,ok,19988,12,94.75141754100014,reflectance,all,200,0.05,84.0,0.55,0.12,5,True,0,2.5,,0.15,60.0,,,4,,,,221.27139634123492,99.42172097498504,0.06295266494449916,0.03187672837719035,0.10563063174370521,0.02902229030748225,0.07083137494958316,0.036736311361272554,0.07841508493849464,0.037603907966650675,0.07710158233736034,0.038420375015531937,0.740632168233685,0.03675978759546929
phase56_tiny_neighborhood_20k_results.csv,p56_rmse_fw86_s0p7_lh0p15,ok,19988,12,97.09565012499979,reflectance,all,200,0.05,86.0,0.7,0.12,5,True,0,2.5,,0.15,60.0,,,4,,,,221.2750801462643,99.47986196410314,0.06335512200419365,0.031958623251059054,0.12459695725071564,0.02922630202764945,0.07073564488161681,0.03673504638360553,0.07803431429918639,0.037614339243204904,0.07703837570220047,0.038449163535029335,0.7408903220698737,0.03683424014226389
phase56_tiny_neighborhood_20k_results.csv,p56_rmse_fw84_s0p55_lh0p12,ok,19988,12,94.58378141699995,reflectance,all,200,0.05,84.0,0.55,0.12,5,True,0,2.5,,0.12,60.0,,,4,,,,221.2764542801141,99.42525998934907,0.06295282771519586,0.03187811326407789,0.10556653627139825,0.029023059085423814,0.07082904748842762,0.03673769477667441,0.07842353860755939,0.03760575859348845,0.0770967201074282,0.038421645270494645,0.7406281020618235,0.03676064650886902
phase56_tiny_neighborhood_20k_results.csv,p56_rmse_fw86_s0p625_lh0p15,ok,19988,12,101.418323375,reflectance,all,200,0.05,86.0,0.625,0.12,5,True,0,2.5,,0.15,60.0,,,4,,,,221.27712392751084,99.45961801991876,0.06317970670998838,0.03192746937676453,0.11522694574905272,0.029128291610227168,0.07086404101646844,0.03674648223993259,0.07817493232603318,0.03760765658343081,0.07758004993576754,0.03846047593106817,0.7407812978686859,0.03680831240383633
phase35_m200_fine_20k_results.csv,p35_reflectance_m200_r0p05_fw84_s0p75_h0p12_hi5,ok,19988,12,91.85045741599998,reflectance,all,200,0.05,84.0,0.75,0.12,5,True,0,2.5,,,,,,,,,,221.27907576522608,99.48694342594385,0.06339943661009391,0.03196139369988156,0.12856885861940723,0.029272393257745923,0.07051437585668337,0.03670804813077787,0.07804792134091873,0.037629225263194246,0.07590370896014928,0.038397192577831245,0.7409059183036958,0.036829622419512056
phase56_tiny_neighborhood_20k_results.csv,p56_rmse_fw86_s0p7_lh0p12,ok,19988,12,98.33600245800017,reflectance,all,200,0.05,86.0,0.7,0.12,5,True,0,2.5,,0.12,60.0,,,4,,,,221.27999721917155,99.48331051291319,0.06335453957932217,0.03195997826025322,0.12449841885488407,0.029226778929801047,0.07073098361740013,0.03673630484444008,0.07804188519166132,0.03761612610998666,0.0770275658781165,0.03845021181188417,0.740886218967952,0.03683506577848355
phase37_m200_regularization_20k_results.csv,p37_reflectance_m200_r0p05_fw80_s0p5_h0p12_hi5,ok,19988,12,93.31922204099999,reflectance,all,200,0.05,80.0,0.5,0.12,5,True,0,2.5,,,,,,,,,,221.28162800378217,99.38622167893206,0.06279870434217069,0.03182003058823899,0.09796580820462919,0.028936930664804548,0.07104919233386413,0.03671740706296803,0.07875084707686877,0.0376115998892131,0.07654193960710476,0.03835535560789429,0.7404734680967217,0.036697900425858396
phase56_tiny_neighborhood_20k_results.csv,p56_rmse_fw86_s0p625_lh0p12,ok,19988,12,103.42451950000032,reflectance,all,200,0.05,86.0,0.625,0.12,5,True,0,2.5,,0.12,60.0,,,4,,,,221.2820230688626,99.46306390316693,0.06317933327178586,0.03192881319741489,0.11514682765754652,0.029128906037287367,0.07085902357209774,0.036747737121957745,0.07818276004418913,0.03760944148581304,0.07756812680026269,0.03846152591913435,0.7407772014764162,0.03680914089931503
phase56_tiny_neighborhood_20k_results.csv,p56_rmse_fw86_s0p55_lh0p2,ok,19988,12,101.02204224999969,reflectance,all,200,0.05,86.0,0.55,0.12,5,True,0,2.5,,0.2,60.0,,,4,,,,221.28373995120836,99.43965756306494,0.0630292832007989,0.03190071267258718,0.10770673415283405,0.029046139286512965,0.07103413984869375,0.0367631248354139,0.07832082685954211,0.0376015488944986,0.07825569033761329,0.03848002472736969,0.7406796552186522,0.03678644606176833
phase53_shrinkage_neighborhood_20k_results.csv,p53_rmsebasin_s0p5,ok,19988,12,99.60057654100001,reflectance,all,200,0.05,84.0,0.5,0.12,5,True,0,2.5,,0.15,60.0,,,4,,,,221.28908926432175,99.41515982297891,0.06286921248704119,0.03186367226827744,0.10148984056009731,0.028977750476999894,0.07094957679216818,0.036753450195596976,0.07853576171763309,0.03760337612563286,0.0775285253667147,0.03843975574239182,0.7405610378545425,0.036750595221589064
phase56_tiny_neighborhood_20k_results.csv,p56_rmse_fw86_s0p55_lh0p15,ok,19988,12,98.7707895829999,reflectance,all,200,0.05,86.0,0.55,0.12,5,True,0,2.5,,0.15,60.0,,,4,,,,221.29185273331854,99.44539300148466,0.06302898108187426,0.03190295028739015,0.10759642652114663,0.029047324728574624,0.07102499794143438,0.03676520435094848,0.07833428333556862,0.0376045326803946,0.07823353580420334,0.03848171859184442,0.7406728418826394,0.036787827490142484
phase53_shrinkage_neighborhood_20k_results.csv,p53_rmsebasin_s0p875,ok,19988,12,102.88523887500003,reflectance,all,200,0.05,84.0,0.875,0.12,5,True,0,2.5,,0.15,60.0,,,4,,,,221.2922241146476,99.52659819213277,0.06375830529450195,0.03202064187087821,0.15267279198198141,0.029505197118009717,0.07042028546398502,0.036701470209273016,0.07783554667774109,0.03765265704684491,0.07544366753542911,0.03840310051006075,0.7411005710612,0.03688317796433102
phase50_current_basin_fw_lh_20k_results.csv,p50_m200_r0p05_fw88_s0p75_h0p12_lh0p2,ok,19988,12,93.430559625,reflectance,all,200,0.05,88.0,0.75,0.12,5,True,0,2.5,,0.2,60.0,,,4,,,,221.2945181202935,99.51542282728191,0.06358568617477066,0.03200464487822602,0.1356250560506172,0.02933561974617297,0.07096947162509462,0.036760188027505226,0.07787017392170363,0.037620438836468116,0.07818553738226762,0.03851470835687883,0.7410156581954201,0.036879009214609716
phase37_m200_regularization_20k_results.csv,p37_reflectance_m200_r0p05_fw80_s0p875_h0p12_hi5,ok,19988,12,92.35782820899999,reflectance,all,200,0.05,80.0,0.875,0.12,5,True,0,2.5,,,,,,,,,,221.2967154218633,99.5062343027806,0.0636529225022885,0.03198529443218192,0.14370569791351134,0.029435285361228705,0.07062235703720965,0.03666954797201489,0.07801281794856584,0.037663990713262555,0.0751112818337809,0.03833891121643705,0.7410015517438587,0.03683833229964812
phase56_tiny_neighborhood_20k_results.csv,p56_rmse_fw86_s0p55_lh0p12,ok,19988,12,98.37776412499989,reflectance,all,200,0.05,86.0,0.55,0.12,5,True,0,2.5,,0.12,60.0,,,4,,,,221.2967353480926,99.44884058503449,0.06302880725880826,0.03190429505475474,0.10753022483138083,0.029048037988869672,0.07101961401613835,0.03676645699455585,0.07834239023537957,0.037606326986771604,0.07822063516344692,0.0384827455324803,0.7406687520384003,0.03678865779747734
phase50_current_basin_fw_lh_20k_results.csv,p50_m200_r0p05_fw88_s0p75_h0p12_lh0p15_lfp75,ok,19988,12,96.21200212500003,reflectance,all,200,0.05,88.0,0.75,0.12,5,True,0,2.5,,0.15,75.0,,,4,,,,221.29718217190108,99.51943569395308,0.06357085033191699,0.03200583476283887,0.13514708545871987,0.029333283176459064,0.0709082885056748,0.03676039845605334,0.07788380755241248,0.03762320887725653,0.07802419743225932,0.03851218062162937,0.7410077492794085,0.036879781938042235
phase51_norm_basin_20k_results.csv,p51_centered_m224_r0p05_fw64_s0p75_h0p12_lh0p15,ok,19988,12,117.91862500000002,centered_reflectance,all,224,0.05,64.0,0.75,0.12,5,True,0,2.5,,0.15,60.0,,,4,,,,221.2976211076043,96.28684055670118,0.05891904998143324,0.030808668182538454,0.0673900987666884,0.02777126661196731,0.07214558412661469,0.035569791860924606,0.08224808239176641,0.03570449558725892,0.07193464243654482,0.03684824682905478,0.7538025742174475,0.03685544767921255
phase50_current_basin_fw_lh_20k_results.csv,p50_m200_r0p05_fw88_s0p75_h0p12_lh0p15,ok,19988,12,94.97637487499998,reflectance,all,200,0.05,88.0,0.75,0.12,5,True,0,2.5,,0.15,60.0,,,4,,,,221.3024296887684,99.52101538607106,0.06358402988443343,0.032006830092490064,0.1354265096392795,0.02933610959943619,0.07095610614589809,0.03676207029037397,0.07788200518886318,0.037623312139464245,0.07814288716434246,0.038515792115196415,0.7410087731480495,0.036880335343646216
phase50_current_basin_fw_lh_20k_results.csv,p50_m200_r0p05_fw88_s0p75_h0p12_lh0p15_lfp45,ok,19988,12,101.26880341700007,reflectance,all,200,0.05,88.0,0.75,0.12,5,True,0,2.5,,0.15,45.0,,,4,,,,221.3127511474788,99.52684568340025,0.06356965873110752,0.032008920602815544,0.1347467469886439,0.029333002709371014,0.07094907240245804,0.03676421888032298,0.0779014555152033,0.03762634455248139,0.07812150197331026,0.03851759134847914,0.7410129558285808,0.03688215221732494
phase53_shrinkage_neighborhood_20k_results.csv,p53_rmsebasin_s1p0,ok,19988,12,103.23357804200003,reflectance,all,200,0.05,84.0,1.0,0.12,5,True,0,2.5,,0.15,60.0,,,4,,,,221.34193842297117,99.58856183393347,0.06416842479290544,0.03209370733292215,0.1907860936291235,0.029849382679537816,0.0703804104961404,0.03670740992771428,0.07768501868166255,0.03769246848551475,0.075121276080657,0.038426412493172885,0.7412822707856302,0.03694671653058401
phase50_current_basin_fw_lh_20k_results.csv,p50_m200_r0p05_fw92_s0p75_h0p12_lh0p2,ok,19988,12,93.34472374999996,reflectance,all,200,0.05,92.0,0.75,0.12,5,True,0,2.5,,0.2,60.0,,,4,,,,221.35488042337354,99.57086976473379,0.06381966323900196,0.03205869755187292,0.14282537170639814,0.029410357324272902,0.0722152289392558,0.03684205280678505,0.07774753714749219,0.03762492017036063,0.08807828594053076,0.03876965939032758,0.7411119694399336,0.036935325388538394
phase35_m200_fine_20k_results.csv,p35_reflectance_m202_r0p05_fw80_s0p75_h0p12_hi5,ok,19988,12,91.19571566599998,reflectance,all,202,0.05,80.0,0.75,0.12,5,True,0,2.5,,,,,,,,,,221.35725186981261,99.34546157418082,0.06608202200355817,0.0320200789953695,0.11793007863950994,0.02923647814175626,0.06933511813747475,0.036584063371154524,0.07830085273107182,0.03759841989045378,0.07482802703275705,0.03822492748178952,0.7420899819685556,0.03683527600866104
phase50_current_basin_fw_lh_20k_results.csv,p50_m200_r0p05_fw92_s0p75_h0p12_lh0p15,ok,19988,12,95.858470834,reflectance,all,200,0.05,92.0,0.75,0.12,5,True,0,2.5,,0.15,60.0,,,4,,,,221.3622602014796,99.57617744695317,0.06381732515554793,0.03206073279778244,0.1426092336547706,0.02941061094616175,0.07217975114997643,0.03684337513870239,0.07775850332374443,0.03762762857063626,0.08764337549834911,0.03876538149868554,0.7411050032381387,0.03693657070401908
phase37_m200_regularization_20k_results.csv,p37_reflectance_m200_r0p05_fw80_s0p75_h0p13_hi5,ok,19988,12,92.50740841699997,reflectance,all,200,0.05,80.0,0.75,0.13,5,True,0,2.5,,,,,,,,,,221.3624970522998,99.59716798550747,0.06342002973171865,0.03194762095358082,0.12276539113526673,0.029254499219764318,0.0712016905091512,0.03674279688714058,0.07830619474836335,0.03770776949561389,0.07603359315396417,0.038400172672368,0.7407680197236899,0.036781526315421864
phase40_convergence_probe_20k_results.csv,p40_reflectance_m200_r0p05_fw80_s0p75_h0p12_hi3,ok,19988,12,62.06200845800004,reflectance,all,200,0.05,80.0,0.75,0.12,3,True,0,2.5,,,,,,,,,,221.39168038129623,99.63752030521366,0.06366766336910828,0.03196613392612368,0.1228555556808059,0.029273492002030096,0.07207872068330766,0.03677866172105277,0.0783265966180503,0.03772339350350901,0.07717099756077297,0.038443843772359425,0.740766375374827,0.036780326773070866
phase48_low_ridge_high_penalty_20k_results.csv,p48_m204_r0p04_fw80_s0p75_h0p08_lh0p15,ok,19988,12,101.9768606250002,reflectance,all,204,0.04,80.0,0.75,0.08,5,True,0,2.5,,0.15,60.0,,,4,,,,221.39252492270776,98.64842463481365,0.06094834449190539,0.031664990412464365,0.07937357636510525,0.028867290001149338,0.06968005026053582,0.036255669537081654,0.0787394120793527,0.037285833033345615,0.07414360708913223,0.03782460374406721,0.7456707903644946,0.03673780988035314
phase35_m200_fine_20k_results.csv,p35_reflectance_m198_r0p05_fw80_s0p75_h0p12_hi5,ok,19988,12,87.271195875,reflectance,all,198,0.05,80.0,0.75,0.12,5,True,0,2.5,,,,,,,,,,221.4023654452605,99.50889746667245,0.06333853771105095,0.03193928844720065,0.11718148231310983,0.02919854219369647,0.07151526001555981,0.03678105425312689,0.07819901856236489,0.0376265540681323,0.07682310998527023,0.03843292956855638,0.7505893301135544,0.0370492402573854
phase50_current_basin_fw_lh_20k_results.csv,p50_m200_r0p05_fw96_s0p75_h0p12_lh0p2,ok,19988,12,92.924314708,reflectance,all,200,0.05,96.0,0.75,0.12,5,True,0,2.5,,0.2,60.0,,,4,,,,221.43483235761633,99.6335756294316,0.06408696885156857,0.03211602433028222,0.15082552145283723,0.029494477962578394,0.07553874412728473,0.03696191073338362,0.0776396843980566,0.0376336402936734,0.34105961991341893,0.04094300277866393,0.7412148292144645,0.036994862962868434
phase50_current_basin_fw_lh_20k_results.csv,p50_m200_r0p05_fw96_s0p75_h0p12_lh0p15,ok,19988,12,96.03390058299999,reflectance,all,200,0.05,96.0,0.75,0.12,5,True,0,2.5,,0.15,60.0,,,4,,,,221.44171545605096,99.63863462134135,0.06408408917597137,0.03211793653047974,0.1505890199273721,0.029494481930845227,0.07543021266662846,0.036962059512808065,0.07764988431286131,0.03763620390061757,0.4142819232611579,0.04147590211145688,0.7412077847204345,0.036996030451209805
phase37_m200_regularization_20k_results.csv,p37_reflectance_m200_r0p055_fw80_s0p75_h0p12_hi5,ok,19988,12,93.22546850000003,reflectance,all,200,0.055,80.0,0.75,0.12,5,True,0,2.5,,,,,,,,,,221.45513925732394,99.60038336819981,0.06344700779795087,0.03201012153896127,0.13073279964558052,0.029306718696940216,0.07092982298249768,0.03676877707743753,0.07800162679140459,0.03764062499701615,0.0781149110073644,0.038526727350002,0.7409993642314788,0.0368941610650299
phase53_shrinkage_neighborhood_20k_results.csv,p53_rmsebasin_s1p25,ok,19988,12,104.64721387500003,reflectance,all,200,0.05,84.0,1.25,0.12,5,True,0,2.5,,0.15,60.0,,,4,,,,221.483520141296,99.73037839379396,0.0651417933534612,0.03226095229352215,0.42544494090337637,0.0316660738216687,0.07047399868100136,0.03674721123098928,0.07747056143724379,0.03778962341549653,0.07484754834945959,0.038499364361175764,0.7416469804900656,0.03708308157281211
phase32_fw80_index_guard_20k_results.csv,p32_reflectance_m208_r0p05_fw80_s0p75_h0p12_hi5,ok,19988,12,101.13744920899998,reflectance,all,208,0.05,80.0,0.75,0.12,5,True,0,2.5,,,,,,,,,,221.48576818090632,99.44651507637438,0.061185630787897,0.03194462854787314,0.06926024081224669,0.028835940960594608,5.516546279195918,0.07685236436366222,0.07889202547013575,0.037542595263652924,0.09246346794956856,0.03878994532618888,0.7488092600461839,0.037043182493810334
phase34_best_basin_fine_20k_results.csv,p34_reflectance_m208_r0p05_fw84_s0p75_h0p12_hi5,ok,19988,12,100.11130187499998,reflectance,all,208,0.05,84.0,0.75,0.12,5,True,0,2.5,,,,,,,,,,221.49211569590125,99.48644033736578,0.061146703936151285,0.031978746997158046,0.07027121057127668,0.02885260522154419,0.6479387019117495,0.04151629747207419,0.07870874424326554,0.0375346141396907,0.11354494632669325,0.03911854092305009,0.749046113039916,0.03709528048969965
phase34_best_basin_fine_20k_results.csv,p34_reflectance_m208_r0p05_fw76_s0p75_h0p12_hi5,ok,19988,12,100.313005583,reflectance,all,208,0.05,76.0,0.75,0.12,5,True,0,2.5,,,,,,,,,,221.50145053810957,99.4192839182189,0.0613588488078227,0.031919745137519655,0.06833558147100599,0.028825342772424354,0.14283474977390906,0.03774844772854769,0.07909651769915657,0.03755651205006031,0.0852037271782655,0.038634895180319664,0.7485770354667216,0.03699444641986013
phase51_norm_basin_20k_results.csv,p51_robust_m200_r0p05_fw64_s1_h0p14_lh0p15,ok,19988,12,96.75398095899982,robust,all,200,0.05,64.0,1.0,0.14,5,True,0,2.5,,0.15,60.0,,,4,,,,221.55010552457009,96.33940880183646,0.0847125040851018,0.03125701723131268,0.8993987033442326,0.033847508522538074,0.2784493555999269,0.0371465314610846,0.07610084092784698,0.03550903407911848,0.11098463645997748,0.03709941699567548,0.7407819776769554,0.03651404757739187
phase32_fw80_index_guard_20k_results.csv,p32_reflectance_m208_r0p05_fw80_s1_h0p12_hi5,ok,19988,12,99.40848787499999,reflectance,all,208,0.05,80.0,1.0,0.12,5,True,0,2.5,,,,,,,,,,221.56254334985422,99.5553328270484,0.06135699816422654,0.03208309845752206,0.0736843828355577,0.029002350550069157,0.11983689224964302,0.0375211338063762,0.07848928270178408,0.03760770988832644,0.0843500700948959,0.03869371793553993,0.749470853067887,0.037171743719456196
phase48_low_ridge_high_penalty_20k_results.csv,p48_m196_r0p04_fw80_s0p75_h0p08_lh0p15,ok,19988,12,91.87471908299995,reflectance,all,196,0.04,80.0,0.75,0.08,5,True,0,2.5,,0.15,60.0,,,4,,,,221.5903956492129,98.67267992502433,0.0642041132746869,0.03174550828367011,0.10818460972667363,0.028935213788027627,0.07449391481729158,0.03642708059203977,0.07835542542911106,0.03735281020168836,0.08447865338048141,0.03811024871323576,0.7464350657473885,0.03676617067078369
phase32_fw80_index_guard_20k_results.csv,p32_reflectance_m208_r0p05_fw80_s0p75_h0p14_hi5,ok,19988,12,96.320210334,reflectance,all,208,0.05,80.0,0.75,0.14,5,True,0,2.5,,,,,,,,,,221.61985055593897,99.69774938737191,0.061513454875367364,0.03200354258366876,0.06956803357586816,0.02891371151033829,0.2092994354036137,0.038399004295934715,0.07905354687009658,0.0376773865226777,0.09235648950676811,0.03886355892648569,0.7486141744202732,0.037042105709933985
phase32_fw80_index_guard_20k_results.csv,p32_reflectance_m208_r0p045_fw80_s1_h0p14_hi5,ok,19988,12,100.98944012500004,reflectance,all,208,0.045,80.0,1.0,0.14,5,True,0,2.5,,,,,,,,,,221.62322773419237,99.70026177586726,0.06256885200034343,0.03212416520380535,0.07252582459424137,0.029087551671093004,0.08794732317713833,0.037116344512251334,0.0789310945497819,0.03777014983744666,0.08246368303145502,0.03867950782798712,0.7487904715043362,0.03707404703397024
phase30_m208_focused_20k_results.csv,p30_reflectance_m208_r0p05_fw72_s1_h0p12_hi5,ok,19988,12,101.92612004199998,reflectance,all,208,0.05,72.0,1.0,0.12,5,True,0,2.5,,,,,,,,,,221.64377698258735,99.52921817794757,0.06184950431961101,0.03205775955075585,0.07131657508204899,0.028995841863230076,0.08663969644434415,0.03698396197015572,0.07888331500076397,0.03764937232375003,0.09719812002600449,0.03881311334086236,0.7489900257384301,0.037087286632129096
phase30_m208_focused_20k_results.csv,p30_reflectance_m208_r0p05_fw72_s0p75_h0p14_hi5,ok,19988,12,99.83116612499998,reflectance,all,208,0.05,72.0,0.75,0.14,5,True,0,2.5,,,,,,,,,,221.6858654025812,99.65703351932142,0.06257614302050311,0.03198183323159198,0.0681163892771723,0.028912834411499527,0.10643542321232033,0.037259609859171275,0.07949462378892118,0.037710840500881485,0.08347889151704745,0.03866684761502457,0.7481581955944183,0.036949027477250436
phase30_m208_focused_20k_results.csv,p30_reflectance_m208_r0p05_fw80_s1_h0p14_hi5,ok,19988,12,97.897716292,reflectance,all,208,0.05,80.0,1.0,0.14,5,True,0,2.5,,,,,,,,,,221.69744383409574,99.8063334874778,0.06165892341090863,0.0321408276168559,0.07396314156642966,0.02907954583313282,0.1099630675451267,0.037403329782368724,0.07865163779084586,0.0377428299524496,0.08425731481409109,0.03877118840945448,0.7492715573318703,0.03717054958222018
phase37_m200_regularization_20k_results.csv,p37_reflectance_m200_r0p06_fw80_s0p75_h0p12_hi5,ok,19988,12,94.060250333,reflectance,all,200,0.06,80.0,0.75,0.12,5,True,0,2.5,,,,,,,,,,221.71257536703317,99.7778484998864,0.06381298089012669,0.03211945361826612,0.14032505394820644,0.0294239785634518,0.07525810127981342,0.03696859584976093,0.07783997343482439,0.037662186429610806,0.6521085215595914,0.04319780495014022,0.7412023660721127,0.03701946927088451
phase32_fw80_index_guard_20k_results.csv,p32_reflectance_m208_r0p05_fw88_s1_h0p14_hi5,ok,19988,12,99.6512637080001,reflectance,all,208,0.05,88.0,1.0,0.14,5,True,0,2.5,,,,,,,,,,221.71762359894504,99.88583324370799,0.061585125416391516,0.032200028677382156,0.07666065757287181,0.02910647705453756,1.438351561077315,0.048508215376804956,0.07833902813688076,0.03772813117020967,0.12003450231150427,0.039317658180477624,0.7497684734906876,0.03726699524385332
phase29_dynamic_range_20k_results.csv,p29_reflectance_m208_r0p05_fw72_s1_h0p14_hi5,ok,19988,12,97.595977125,reflectance,all,208,0.05,72.0,1.0,0.14,5,True,0,2.5,,,,,,,,,,221.7828803136422,99.77863005817387,0.06251819063786362,0.03212809021391449,0.07186062255389956,0.02908412405429204,0.08740737739957789,0.03711178558868882,0.07905091934723651,0.037783567271237065,0.08238757301613306,0.03868459382075479,0.7487944679205792,0.03708611083052291
phase51_norm_basin_20k_results.csv,p51_centered_m224_r0p04_fw64_s1p0_h0p12_lh0p15,ok,19988,12,121.50875799999994,centered_reflectance,all,224,0.04,64.0,1.0,0.12,5,True,0,2.5,,0.15,60.0,,,4,,,,221.7837421164058,96.5979264720579,0.06238189467339623,0.03091037655570586,0.0733260451544018,0.028014215021086575,0.07150880854059384,0.03562964183853215,0.07869164655541017,0.03573680005754863,0.07234940618304873,0.03687085585514854,0.753331856513886,0.03690008220839322
phase51_norm_basin_20k_results.csv,p51_centered_m224_r0p05_fw64_s1p0_h0p14_lh0p15,ok,19988,12,122.56099070799996,centered_reflectance,all,224,0.05,64.0,1.0,0.14,5,True,0,2.5,,0.15,60.0,,,4,,,,221.8030418566167,96.46770659222366,0.05947882624493643,0.030892965959473096,0.07437474646056702,0.027949981088022435,0.07222735382712879,0.035655273785802084,0.08158231039890954,0.035707196619788516,0.07203580185673907,0.03692056762941044,0.7543266626807758,0.03699139220320409
phase51_norm_basin_20k_results.csv,p51_robust_m224_r0p05_fw64_s1_h0p14_lh0p15,ok,19988,12,121.36715387499999,robust,all,224,0.05,64.0,1.0,0.14,5,True,0,2.5,,0.15,60.0,,,4,,,,221.8030418566167,96.46770659222366,0.05947882624493644,0.030892965959473096,0.07437474646056702,0.027949981088022432,0.07222735382712879,0.035655273785802084,0.08158231039890954,0.035707196619788516,0.07203580185673907,0.03692056762941044,0.7543266626807758,0.03699139220320409
phase30_m208_focused_20k_results.csv,p30_reflectance_m208_r0p045_fw72_s1_h0p14_hi5,ok,19988,12,99.05497550000001,reflectance,all,208,0.045,72.0,1.0,0.14,5,True,0,2.5,,,,,,,,,,221.8084201464565,99.72459702809978,0.06748449194675007,0.03222018511999087,0.07163558197933342,0.029140150476264788,0.07898332723678608,0.036863061723234954,0.07936404667620975,0.03783493005929813,0.07818532110636284,0.03850781186261053,0.7483786324678343,0.0370123278710172
phase26_robust_m224_20k_results.csv,p26_robust_m224_r0p05_fw64_s1_hi5,ok,19988,12,113.912873833,robust,all,224,0.05,64.0,1.0,0.14,5,True,0,2.5,,,,,,,,,,221.8289676172494,96.48530264159271,0.05946116796187836,0.03089896608292408,0.07419017091875973,0.02795430074717379,0.0723261709491863,0.03566572604901853,0.0814308717133489,0.03571205646990497,0.07205873923694561,0.03692964123097445,0.7543202898639311,0.0369968284928335
phase40_convergence_probe_20k_results.csv,p40_reflectance_m206_r0p05_fw80_s0p75_h0p12_hi5,ok,19988,12,98.631893375,reflectance,all,206,0.05,80.0,0.75,0.12,5,True,0,2.5,,,,,,,,,,221.84762497354708,99.53271250266414,0.11530408960863,0.03263963532236342,0.06849359863632593,0.028877222819772005,0.0722107092393274,0.03683108014392781,0.07907576899268748,0.03763178248079856,0.09976077554452131,0.03877016424464389,0.7440519708167667,0.03691548553868871
phase30_m208_focused_20k_results.csv,p30_reflectance_m208_r0p055_fw72_s1_h0p14_hi5,ok,19988,12,99.06940233299997,reflectance,all,208,0.055,72.0,1.0,0.14,5,True,0,2.5,,,,,,,,,,221.85091825365774,99.87588303067943,0.061646513890859456,0.03214156836733233,0.07304781863358341,0.029075721710638217,0.10405179006848385,0.037332352040000384,0.07879687314309676,0.03775799498014776,0.08315792808034428,0.03875002372462179,0.749227181101461,0.03717312271334124
phase32_fw80_index_guard_20k_results.csv,p32_reflectance_m208_r0p055_fw80_s1_h0p14_hi5,ok,19988,12,100.803703042,reflectance,all,208,0.055,80.0,1.0,0.14,5,True,0,2.5,,,,,,,,,,221.85490690845228,99.95305135734513,0.06152813773974412,0.03220143229931006,0.07592031131481396,0.029102398849692596,1.3817857908351023,0.04796445792269228,0.078429931215651,0.0377395617733066,0.11872984512282485,0.03930939308388412,0.7497729382502972,0.037277803519386234
phase51_norm_basin_20k_results.csv,p51_robust_m240_r0p05_fw64_s1_h0p14_lh0p15,ok,19988,12,141.80091745800019,robust,all,240,0.05,64.0,1.0,0.14,5,True,0,2.5,,0.15,60.0,,,4,,,,221.86049638370807,96.56336008119301,0.060375319697604325,0.03102136089570524,0.2263523212277735,0.029660018900082984,0.08436524885457199,0.0357971149271663,0.07762387160736832,0.035493572883208716,0.07765316750464246,0.03703464416219079,0.76351162242691,0.03717459636849243
phase26_robust_m224_20k_results.csv,p26_robust_m224_r0p05_fw48_s1_hi5,ok,19988,12,115.401835041,robust,all,224,0.05,48.0,1.0,0.14,5,True,0,2.5,,,,,,,,,,221.8690658297858,96.67268936855946,0.0651473956968722,0.030970782893154795,0.07170968416320629,0.02804422277962132,0.07196885762242505,0.035666872740278924,0.07911198321868101,0.03580338987360767,0.0727186382161102,0.03689398895539303,0.7530947429841571,0.03689717270163893
phase26_robust_m224_20k_results.csv,p26_robust_m224_r0p035_fw72_s1_hi5,ok,19988,12,117.04132904199997,robust,all,224,0.035,72.0,1.0,0.14,5,True,0,2.5,,,,,,,,,,221.87940050871177,96.65216022076463,0.06284322643693492,0.03093024119663765,0.07353632945791591,0.02803516276090999,0.07169039201103213,0.035650039681165126,0.07875075115368456,0.035763352765490655,0.07250745946719374,0.036888911663307225,0.7532795621721106,0.036906739135949204
phase34_best_basin_fine_20k_results.csv,p34_reflectance_m204_r0p05_fw80_s0p75_h0p12_hi5,ok,19988,12,95.43562924999999,reflectance,all,204,0.05,80.0,0.75,0.12,5,True,0,2.5,,,,,,,,,,221.88396577154256,99.58370349543021,0.061492342753685376,0.031960840610563625,0.08182113627080707,0.029078911311512974,0.1028641415458123,0.03721567756725214,0.07873992198934057,0.03766505518969599,0.08903649713703385,0.038557278640584176,0.745794787846666,0.03694618802216803
phase34_best_basin_fine_20k_results.csv,p34_reflectance_m212_r0p05_fw80_s0p75_h0p12_hi5,ok,19988,12,103.343696666,reflectance,all,212,0.05,80.0,0.75,0.12,5,True,0,2.5,,,,,,,,,,221.88600587505647,99.4702414420628,0.06543369185970453,0.03204611433807856,0.12294469422962824,0.029278511793233434,0.07246375672109469,0.03679172241073406,0.07863857103616126,0.037561875853836774,0.07924277413141152,0.03857446013620726,0.7433762956069373,0.036970488174325536
phase51_norm_basin_20k_results.csv,p51_centered_m208_r0p05_fw80_s0p75_h0p12_lh0p15,ok,19988,12,102.18100458300006,centered_reflectance,all,208,0.05,80.0,0.75,0.12,5,True,0,2.5,,0.15,60.0,,,4,,,,221.90138221988676,96.35598187180338,0.060099333240040714,0.030966285397828384,0.07904880620697205,0.02791240221904842,0.08246679358721888,0.035812484122890044,0.07635698618338169,0.0354091170433002,0.0905628149678202,0.0372983163948807,0.7481765042727826,0.036825028847496034
phase30_m208_focused_20k_results.csv,p30_reflectance_m208_r0p05_fw72_s1_h0p16_hi5,ok,19988,12,99.54435716600005,reflectance,all,208,0.05,72.0,1.0,0.16,5,True,0,2.5,,,,,,,,,,221.91650837636135,99.96535302664645,0.06308831428662844,0.03218634946628714,0.07351239565913635,0.02919024117301106,0.09175661738402487,0.03729333399053093,0.07919497388833488,0.03788580907167263,0.08090743731978584,0.03872517048624528,0.7486124813924081,0.03708401098669685
phase30_m208_focused_20k_results.csv,p30_reflectance_m208_r0p05_fw72_s1p25_h0p14_hi5,ok,19988,12,99.72778683300004,reflectance,all,208,0.05,72.0,1.25,0.14,5,True,0,2.5,,,,,,,,,,221.94321638152542,99.927913779203,0.06260388965539183,0.032302030822654725,0.07699762885554702,0.02928214181316208,0.09764898903375184,0.037308054163532334,0.07876302148506589,0.0378828343198172,0.08250582444921793,0.03876078097637294,0.7494287898873634,0.03724013102738303
phase35_m200_fine_20k_results.csv,p35_reflectance_m196_r0p05_fw80_s0p75_h0p12_hi5,ok,19988,12,83.007458542,reflectance,all,196,0.05,80.0,0.75,0.12,5,True,0,2.5,,,,,,,,,,221.97973998152375,99.63388182631559,0.34897436424534256,0.03438399218510566,0.11648244329830341,0.02926150181577529,0.20694698614991164,0.03806908080511705,0.07838269361556008,0.03774942672473995,0.08469176574900918,0.03857494092425149,0.7463648040754434,0.036981902264757664
phase46_phenology_trend_20k_results.csv,p46_m200_fw84_lh0p15_pref2_trend1,ok,19988,12,92.911860417,reflectance,all,200,0.05,84.0,0.75,0.12,5,True,0,2.5,,0.15,60.0,,,2,,,,221.995059607665,98.38567574894675,0.05844544885566728,0.03163096662759244,0.05716011830891063,0.028392284230349472,0.14207029995945858,0.0371382489413772,0.07782579586913974,0.03690618692349064,0.07846615685227357,0.03795809768392636,0.7492451384588577,0.036832606480111496
phase30_m208_focused_20k_results.csv,p30_reflectance_m208_r0p05_fw64_s1_h0p14_hi5,ok,19988,12,94.013088709,reflectance,all,208,0.05,64.0,1.0,0.14,5,True,0,2.5,,,,,,,,,,222.0151276097839,99.81907728023883,0.06925385928202785,0.0322586077698605,0.07108005235021309,0.029149469210178094,0.07826370229777979,0.03684936887074847,0.07956625718578929,0.037859986608279265,0.07741514401603926,0.03848656759772845,0.7483377373708695,0.037019531458107796
phase51_norm_basin_20k_results.csv,p51_robust_m240_r0p05_fw72_s1_h0p14_lh0p15,ok,19988,12,141.53289095899981,robust,all,240,0.05,72.0,1.0,0.14,5,True,0,2.5,,0.15,60.0,,,4,,,,222.02147075436852,96.56489965643011,0.10564741503355872,0.03163691950090226,0.0992347658908036,0.028449728666617557,0.09539012049009962,0.03593839498948268,0.07720132482548488,0.03543797373600383,0.2577416269069212,0.03864121761768446,0.7646646314651283,0.03725167281163398
phase51_norm_basin_20k_results.csv,p51_robust_m200_r0p05_fw72_s1_h0p14_lh0p15,ok,19988,12,96.09801579199984,robust,all,200,0.05,72.0,1.0,0.14,5,True,0,2.5,,0.15,60.0,,,4,,,,222.05442611270533,96.43689323802998,0.06734345577902794,0.031042838525240295,1.4131291508296215,0.03747902031570985,0.0711615931437086,0.03544521882567358,0.07589162984447019,0.03549637832244009,0.07447276820273419,0.03678017545783772,0.740858718964402,0.036590954901940705
phase51_norm_basin_20k_results.csv,p51_centered_m224_r0p05_fw80_s0p75_h0p12_lh0p15,ok,19988,12,118.030927958,centered_reflectance,all,224,0.05,80.0,0.75,0.12,5,True,0,2.5,,0.15,60.0,,,4,,,,222.09098890214494,96.45266183678103,0.058812346913626384,0.030980640039056408,0.07125018031504698,0.02789139999174565,0.13129604438223175,0.03635204645008062,0.07735400466062492,0.03548382786935399,0.07400628251808856,0.037125184916363,0.7551808115951321,0.0370624958676356
phase51_norm_basin_20k_results.csv,p51_robust_m224_r0p05_fw72_s1_h0p14_lh0p15,ok,19988,12,123.07445583399999,robust,all,224,0.05,72.0,1.0,0.14,5,True,0,2.5,,0.15,60.0,,,4,,,,222.10024211040292,96.50876322455292,0.059245003063524114,0.030956064484427427,0.07619714097260878,0.02797549529280529,0.07638539243737882,0.03577965637320652,0.07809574535708119,0.035565815975471635,0.07253721404090913,0.03702086814995866,0.7550399520512199,0.03707952302866338
phase51_norm_basin_20k_results.csv,p51_centered_m200_r0p05_fw80_s0p75_h0p12_lh0p15,ok,19988,12,94.01144929200001,centered_reflectance,all,200,0.05,80.0,0.75,0.12,5,True,0,2.5,,0.15,60.0,,,4,,,,222.23213819386837,96.42696306686348,0.0649026693099728,0.031041533711504678,0.24476259044015317,0.029131637326410192,0.06902860799943328,0.035398203657285666,0.07601605090533727,0.035497246878664755,0.07250350052469745,0.03680627490359338,0.7406426266539401,0.036560903026975206
phase40_convergence_probe_20k_results.csv,p40_centered_m200_r0p05_fw80_s0p75_h0p12_hi5,ok,19988,12,92.37698049999995,centered_reflectance,all,200,0.05,80.0,0.75,0.12,5,True,0,2.5,,,,,,,,,,222.24127718272854,96.43726038322859,0.06489615995622557,0.031046149372806763,0.2433178988785803,0.029125338777076744,0.06903727554509673,0.03540329298671386,0.07603911077351072,0.03550280843249414,0.07251635468279617,0.036811596483877364,0.740630259637762,0.036564000737215656
phase40_convergence_probe_20k_results.csv,p40_robust_m200_r0p05_fw80_s0p75_h0p12_hi5,ok,19988,12,93.22471108299999,robust,all,200,0.05,80.0,0.75,0.12,5,True,0,2.5,,,,,,,,,,222.24127718272854,96.43726038322859,0.06489615995622557,0.031046149372806763,0.2433178988785803,0.029125338777076744,0.06903727554509673,0.03540329298671386,0.07603911077351072,0.03550280843249414,0.07251635468279617,0.036811596483877364,0.740630259637762,0.036564000737215656
phase51_norm_basin_20k_results.csv,p51_robust_m240_r0p05_fw80_s1_h0p14_lh0p15,ok,19988,12,141.92830708300016,robust,all,240,0.05,80.0,1.0,0.14,5,True,0,2.5,,0.15,60.0,,,4,,,,222.32861967883608,96.62645499980802,0.06183715431948163,0.031202580820865477,0.09347557471775163,0.0283113166068691,0.07151891028282911,0.035646500929401685,0.07688679136487052,0.035407088119084225,0.07690394239030776,0.03716227761381389,0.7658844636827962,0.037346145727425874
phase40_convergence_probe_20k_results.csv,p40_reflectance_m194_r0p05_fw80_s0p75_h0p12_hi5,ok,19988,12,85.37493566600001,reflectance,all,194,0.05,80.0,0.75,0.12,5,True,0,2.5,,,,,,,,,,222.40562010101678,99.65152206461444,0.07527453281576935,0.03221249862151844,0.09056784366708164,0.029008494269962964,0.2947875286992897,0.03866901259073079,0.07842574141002706,0.03773408977958665,0.07498779414848507,0.0383778100655522,0.7473145306496737,0.037074567570115215
phase40_convergence_probe_20k_results.csv,p40_reflectance_m192_r0p05_fw80_s0p75_h0p12_hi5,ok,19988,12,81.20088416600001,reflectance,all,192,0.05,80.0,0.75,0.12,5,True,0,2.5,,,,,,,,,,222.51290990047,99.82683684491461,0.06762884527793595,0.03213274878696605,0.08491773357631396,0.029020229859049184,0.07227140582331011,0.036869602546248166,0.07888109720976079,0.03792504175006874,0.07449709362832194,0.038405385868435296,0.747261005203127,0.03697100716911406
phase51_norm_basin_20k_results.csv,p51_robust_m224_r0p05_fw80_s1_h0p14_lh0p15,ok,19988,12,120.96823204099996,robust,all,224,0.05,80.0,1.0,0.14,5,True,0,2.5,,0.15,60.0,,,4,,,,222.51831212157754,96.60508383942387,0.059290674390800546,0.031044876851117193,0.07888626719189705,0.028045319960543248,0.11087304268649766,0.03624340873568992,0.07703716299762327,0.035492122514255646,0.073816183218214,0.037170669750999204,0.7558047540916415,0.03718066903129487
phase51_norm_basin_20k_results.csv,p51_centered_m200_r0p05_fw84_s0p75_h0p12_lh0p15,ok,19988,12,96.51104666699996,centered_reflectance,all,200,0.05,84.0,0.75,0.12,5,True,0,2.5,,0.15,60.0,,,4,,,,222.58294229723379,96.51715154489105,0.06511948488412231,0.031096779433894634,0.26334766419541145,0.029285810930210102,0.06903209596016532,0.035440828856234764,0.07596431344017379,0.03551232041162674,0.07327644860586179,0.03688925907779918,0.7407034484263245,0.03661625046082662
phase29_dynamic_range_20k_results.csv,p29_reflectance_m192_r0p05_fw72_s1_h0p12_hi5,ok,19988,12,85.244019375,reflectance,all,192,0.05,72.0,1.0,0.12,5,True,0,2.5,,,,,,,,,,222.6693543160369,99.93697443041323,0.06817765852311043,0.032215142769008845,0.0897549907650997,0.029171778890032137,0.07387281629183666,0.036855751991882714,0.07888619827168171,0.03805937433764796,0.07350839372557312,0.03835555328157484,0.7474674195279886,0.03701072821554099
phase51_norm_basin_20k_results.csv,p51_robust_m200_r0p05_fw80_s1_h0p14_lh0p15,ok,19988,12,97.16414104200021,robust,all,200,0.05,80.0,1.0,0.14,5,True,0,2.5,,0.15,60.0,,,4,,,,222.67210740679167,96.58241716745547,0.06743386886766632,0.031122099998747314,3.8976711804091653,0.05507838902137448,0.0690546792657581,0.035452695080541156,0.07576097038513449,0.03550621335119787,0.07219505527958957,0.036835210997805574,0.7409727902647629,0.036680406261714545
phase51_norm_basin_20k_results.csv,p51_centered_m192_r0p05_fw64_s0p75_h0p12_lh0p15,ok,19988,12,82.48536616700001,centered_reflectance,all,192,0.05,64.0,0.75,0.12,5,True,0,2.5,,0.15,60.0,,,4,,,,222.6989331265517,96.49930362961248,0.1603127679684283,0.03193971747984195,0.09579744089487569,0.02805725157546697,0.10706305695595313,0.035926661006817975,0.07719894362438678,0.03572837052100986,0.07192569861191501,0.03668761010498731,0.7459523800510587,0.03651232948055139
phase29_dynamic_range_20k_results.csv,p29_reflectance_m192_r0p05_fw72_s0p75_h0p14_hi5,ok,19988,12,85.37133562500003,reflectance,all,192,0.05,72.0,0.75,0.14,5,True,0,2.5,,,,,,,,,,222.72597308971055,100.08134530854267,0.06642350722298836,0.03207030111761183,0.08127333216127693,0.029030604533774512,0.0746291110518447,0.03694987174562035,0.07948688627087519,0.03810865791230624,0.07371508577531898,0.0383808837019549,0.746603746679389,0.03688253576365793
phase29_dynamic_range_20k_results.csv,p29_reflectance_m192_r0p05_fw76_s1_h0p14_hi5,ok,19988,12,85.24868695799998,reflectance,all,192,0.05,76.0,1.0,0.14,5,True,0,2.5,,,,,,,,,,222.75803259671102,100.21309258338158,0.06697335192216114,0.032269473895213195,0.09278835268400185,0.02927834444042047,0.07281369106920615,0.03696782237506586,0.07884687215224674,0.03818378301164369,0.07388849021417906,0.038509502157476797,0.7475648168714848,0.037070521085872256
phase32_fw80_index_guard_20k_results.csv,p32_reflectance_m216_r0p05_fw80_s1_h0p14_hi5,ok,19988,12,107.51736733300004,reflectance,all,216,0.05,80.0,1.0,0.14,5,True,0,2.5,,,,,,,,,,222.76263460796585,99.93589699097046,0.06480836716119671,0.03212839394418002,0.13403765631783532,0.029509385813058255,0.0741825921401057,0.03692267966656053,0.07878352795297656,0.03779515282217556,0.08667303313495721,0.03891106524350805,0.7478288099702858,0.03715439309235441
phase16_huber5_focused_20k_results.csv,reflectance_all_m192_r0p05_fw72p0_s1p0_h0p14_oit0_trend1_hi5,ok,19988,12,160.63194029200008,reflectance,all,192,0.05,72.0,1.0,0.14,5,True,0,2.5,,,,,,,,,,222.82486428670134,100.21523297581108,0.06701537453307102,0.03223725863796455,0.09009311528908874,0.029249165078520507,0.07400383614983926,0.03696326863821478,0.07905689411600829,0.038209442147919055,0.07366059856610166,0.03845882083203357,0.747310419083106,0.037025186222539565
phase29_dynamic_range_20k_results.csv,p29_reflectance_m192_r0p055_fw72_s1_h0p14_hi5,ok,19988,12,84.65957716700001,reflectance,all,192,0.055,72.0,1.0,0.14,5,True,0,2.5,,,,,,,,,,222.87335579078535,100.29553487087462,0.06716102709054882,0.032306716983935176,0.09359265651741673,0.029297542563668684,0.07217867631541305,0.03698246413913326,0.07880601530726095,0.038180132030318406,0.07416292508852187,0.03856032714135279,0.7477734067855192,0.037120809632889704
phase29_dynamic_range_20k_results.csv,p29_reflectance_m192_r0p045_fw72_s1_h0p14_hi5,ok,19988,12,85.72545895899998,reflectance,all,192,0.045,72.0,1.0,0.14,5,True,0,2.5,,,,,,,,,,222.87456838237367,100.17751197814748,0.06844588441484217,0.0322116010417953,0.08704347803660108,0.02922328305183021,0.07962275542336406,0.037021650474467364,0.07936386877803098,0.03826088224638595,0.07366297930278523,0.03839224240510163,0.7468728205321188,0.03694505097026192
phase29_dynamic_range_20k_results.csv,p29_reflectance_m192_r0p05_fw68_s1_h0p14_hi5,ok,19988,12,85.155422792,reflectance,all,192,0.05,68.0,1.0,0.14,5,True,0,2.5,,,,,,,,,,222.9296504799993,100.23352371614922,0.06751636491850144,0.03221881322700532,0.08757259086907955,0.029226622853501527,0.0761674677492775,0.036980787903226474,0.07929487922407445,0.038242711156631276,0.07358230419376291,0.03841895059548257,0.7470639911380696,0.03698641606333662
phase29_dynamic_range_20k_results.csv,p29_reflectance_m192_r0p05_fw72_s1p25_h0p14_hi5,ok,19988,12,84.08183224999993,reflectance,all,192,0.05,72.0,1.25,0.14,5,True,0,2.5,,,,,,,,,,222.9843568212406,100.36964227272261,0.06779713609418267,0.03242560135490612,0.10415574618102316,0.029513791963050658,0.07360272393448666,0.037015663813189395,0.07877660261495138,0.03832606732101314,0.07381027462324215,0.038578606683158954,0.7480119524838413,0.03718613195238095
phase16_huber5_focused_20k_results.csv,reflectance_all_m192_r0p06_fw72p0_s1p0_h0p14_oit0_trend1_hi5,ok,19988,12,163.97470083300004,reflectance,all,192,0.06,72.0,1.0,0.14,5,True,0,2.5,,,,,,,,,,222.99410518980542,100.41043283596986,0.06866107801976354,0.0324068858718527,0.09755253371256342,0.029365337826205963,0.07137969020181972,0.03703640173272652,0.07860263309498146,0.03816816195799664,0.07540212524997489,0.0386915951414544,0.7482598289241005,0.03722448055476587
phase29_dynamic_range_20k_results.csv,p29_reflectance_m192_r0p05_fw72_s1_h0p16_hi5,ok,19988,12,84.48116529100002,reflectance,all,192,0.05,72.0,1.0,0.16,5,True,0,2.5,,,,,,,,,,223.0271502815987,100.44168704481267,0.06684430370839525,0.03227311541190767,0.09028373926503369,0.02931131411526004,0.07419877191352733,0.037052408236477555,0.07918867976232771,0.03832450374184598,0.07387845185530131,0.038549454642127945,0.7471772835672678,0.03704281766789805
phase16_huber5_focused_20k_results.csv,reflectance_all_m192_r0p04_fw72p0_s1p0_h0p14_oit0_trend1_hi5,ok,19988,12,179.86027099999998,reflectance,all,192,0.04,72.0,1.0,0.14,5,True,0,2.5,,,,,,,,,,223.04753524872055,100.19169305320813,0.0738545320340864,0.0322711249355377,0.08447376356695588,0.029232431340081758,0.12362610530596542,0.037477778579440436,0.07974349288588649,0.03833934697518898,0.0745408159202859,0.03838352104105566,0.7464635573010376,0.03688039258450844
phase16_huber5_focused_20k_results.csv,reflectance_all_m192_r0p06_fw64p0_s1p0_h0p14_oit0_trend1_hi5,ok,19988,12,158.1412587499999,reflectance,all,192,0.06,64.0,1.0,0.14,5,True,0,2.5,,,,,,,,,,223.05211940696267,100.3677350040587,0.0669019800563374,0.03228992940657534,0.09054633105932215,0.029270676864659576,0.07257553303610341,0.03697287492295141,0.07904718006701165,0.038204654439398224,0.07390967714807052,0.03853040203906278,0.7476160377871879,0.0371042672689876
phase16_huber5_focused_20k_results.csv,reflectance_all_m192_r0p05_fw64p0_s1p0_h0p14_oit0_trend1_hi5,ok,19988,12,170.38730295799996,reflectance,all,192,0.05,64.0,1.0,0.14,5,True,0,2.5,,,,,,,,,,223.07816946350385,100.2714907856003,0.06867328652521097,0.03221968567891228,0.08522250380336904,0.029214578859488565,0.08080963781726438,0.03703770570911372,0.07956662679330295,0.0382846878420848,0.0736719329020505,0.038393370517110684,0.7468260168645399,0.03695169853196159
phase12_out0_high_modes_20k_results.csv,reflectance_all_m192_r0p05_fw64p0_s1p0_h0p14_oit0,ok,19988,12,57.88515041599999,reflectance,all,192,0.05,64.0,1.0,0.14,,,0,2.5,,,,,,,,,,223.19180447818275,100.41654352685387,0.0686962502204607,0.03225087654231803,0.08538515972832218,0.029260624108268837,0.08103459271445133,0.03710054285960554,0.07966017579398685,0.03835976665692546,0.07395080912571357,0.03845869864252887,0.7467827117729388,0.0369556207759439
phase18_normalization_high_modes_20k_results.csv,robust_all_m192_r0p05_fw64p0_s1p0_h0p14_oit0_trend1_hi5,ok,19988,12,104.059867583,robust,all,192,0.05,64.0,1.0,0.14,5,True,0,2.5,,,,,,,,,,223.2321327248237,96.69620890101645,0.22978120182288578,0.032545441204657646,0.12615905930519225,0.02840549698028475,0.1165722764532283,0.036087947336046075,0.07687228782999672,0.035761268790306514,0.0719662082418179,0.03675662910589496,0.746556378832889,0.036662746513555014
phase18_normalization_high_modes_20k_results.csv,robust_all_m192_r0p05_fw64p0_s1p0_h0p18_oit0_trend1_hi5,ok,19988,12,108.646149875,robust,all,192,0.05,64.0,1.0,0.18,5,True,0,2.5,,,,,,,,,,223.2321327248237,96.69620890101645,0.22978120182288578,0.032545441204657646,0.12615905930519225,0.02840549698028476,0.1165722764532283,0.036087947336046075,0.07687228782999672,0.035761268790306514,0.0719662082418179,0.036756629105894965,0.746556378832889,0.036662746513555014
phase29_dynamic_range_20k_results.csv,p29_centered_m192_r0p05_fw64_s1_h0p14_hi5,ok,19988,12,84.72275916700005,centered_reflectance,all,192,0.05,64.0,1.0,0.14,5,True,0,2.5,,,,,,,,,,223.2321327248237,96.69620890101645,0.22978120182288578,0.032545441204657646,0.12615905930519225,0.02840549698028476,0.1165722764532283,0.036087947336046075,0.07687228782999674,0.035761268790306514,0.0719662082418179,0.03675662910589496,0.746556378832889,0.036662746513555014
phase41_outlier_reject_20k_results.csv,p41_rmse_m200_r0p05_fw80_s0p75_h0p12_oit1_sig2p5_frac0p15,ok,19988,12,110.751452459,reflectance,all,200,0.05,80.0,0.75,0.12,5,True,1,2.5,0.15,,,,,,,,,223.29067690648426,98.2113852481554,0.06265562980693191,0.031675830446924264,0.12239219597335906,0.028846716035111967,0.06891799458374794,0.036079510224797336,0.07784018804237536,0.03689228050410452,0.07351169891733128,0.03773624872400549,0.7416505358857117,0.036789425725550225
phase41_outlier_reject_20k_results.csv,p41_rmse_m200_r0p05_fw80_s0p75_h0p12_oit1_sig3p0_frac0p15,ok,19988,12,115.14680679199999,reflectance,all,200,0.05,80.0,0.75,0.12,5,True,1,3.0,0.15,,,,,,,,,223.29067690648426,98.21138524815541,0.06265562980693191,0.031675830446924264,0.12239219597335906,0.028846716035111967,0.06891799458374794,0.03607951022479733,0.07784018804237536,0.03689228050410452,0.07351169891733128,0.03773624872400549,0.7416505358857117,0.036789425725550225
phase16_huber5_focused_20k_results.csv,reflectance_all_m192_r0p06_fw56p0_s1p0_h0p14_oit0_trend1_hi5,ok,19988,12,152.818521208,reflectance,all,192,0.06,56.0,1.0,0.14,5,True,0,2.5,,,,,,,,,,223.2970108843689,100.41246842835487,0.06758372495903558,0.032237187999509184,0.08456573118713656,0.02921640479578965,0.07668780140251513,0.036990232786250035,0.07965256054976205,0.03828215692222264,0.07356776460038954,0.03842820055273492,0.7470158905010829,0.03700609225163044
phase41_outlier_reject_20k_results.csv,p41_mae_m200_r0p04_fw80_s0p75_h0p08_oit1_sig3p0_frac0p15,ok,19988,12,120.13896441600002,reflectance,all,200,0.04,80.0,0.75,0.08,5,True,1,3.0,0.15,,,,,,,,,223.40591131234135,97.14758085960773,0.06195616748638024,0.031339442744590135,0.10984923781201607,0.028507519214750546,0.06883693813754288,0.0355240605479472,0.07850061917852615,0.0364418350810459,0.07216323396651345,0.03709681913561546,0.7442824362250957,0.03663665415277836
phase41_outlier_reject_20k_results.csv,p41_mae_m200_r0p04_fw80_s0p75_h0p08_oit1_sig2p5_frac0p15,ok,19988,12,120.40814549999999,reflectance,all,200,0.04,80.0,0.75,0.08,5,True,1,2.5,0.15,,,,,,,,,223.4061160974011,97.14790274163376,0.06195616148135078,0.031339428833456376,0.10984922483696537,0.02850747476930481,0.06883680271609112,0.03552389774620673,0.07850049016293273,0.03644166356710353,0.07216308912366495,0.037096654253099555,0.7442824346849054,0.03663663292112465
phase16_huber5_focused_20k_results.csv,reflectance_all_m192_r0p04_fw64p0_s1p0_h0p14_oit0_trend1_hi5,ok,19988,12,97.777372417,reflectance,all,192,0.04,64.0,1.0,0.14,5,True,0,2.5,,,,,,,,,,223.51583054311345,100.34744356901318,0.09391539222429719,0.03253482379441907,0.08147736870287073,0.029279976549850407,0.14677257283980982,0.037761810057479854,0.08032282992464622,0.03845516203551308,0.08018269847403975,0.03851867062920299,0.746127774711674,0.03685419330415838
phase15_huber_iters_trend_20k_results.csv,reflectance_all_m192_r0p05_fw56p0_s1p0_h0p14_oit0_trend1_hi5,ok,19988,12,194.26559566600002,reflectance,all,192,0.05,56.0,1.0,0.14,5,True,0,2.5,,,,,,,,,,223.53089055500644,100.41403326887374,0.07622853601456679,0.032322717780161374,0.08103932192354442,0.02922989024925055,0.18106351919673008,0.037951900914317604,0.08023847184996516,0.03840016573160392,0.07499873642029825,0.038409147987145446,0.746378026971925,0.036900688102954445
phase16_huber5_focused_20k_results.csv,reflectance_all_m192_r0p05_fw56p0_s1p0_h0p14_oit0_trend1_hi5,ok,19988,12,177.98892304200007,reflectance,all,192,0.05,56.0,1.0,0.14,5,True,0,2.5,,,,,,,,,,223.53089055500647,100.41403326887374,0.07622853601456679,0.03232271778016137,0.08103932192354442,0.02922989024925055,0.18106351919673008,0.037951900914317604,0.08023847184996516,0.03840016573160392,0.07499873642029825,0.038409147987145446,0.746378026971925,0.036900688102954445
phase12_out0_high_modes_20k_results.csv,reflectance_all_m192_r0p075_fw56p0_s1p0_h0p14_oit0,ok,19988,12,58.425957584,reflectance,all,192,0.075,56.0,1.0,0.14,,,0,2.5,,,,,,,,,,223.5353082186691,100.76506747300631,0.0678876570084829,0.03242123164971325,0.09183552012115856,0.029363564502649347,0.07157564391303667,0.03707595049811128,0.07914267099548122,0.03829143799103724,0.07487552344038308,0.03872178540114901,0.7480353498786675,0.03723200775793812
phase12_out0_high_modes_20k_results.csv,reflectance_all_m192_r0p075_fw64p0_s1p0_h0p14_oit0,ok,19988,12,58.818494792000024,reflectance,all,192,0.075,64.0,1.0,0.14,,,0,2.5,,,,,,,,,,223.55560970328662,100.86371412690359,0.07426409919854575,0.03263273016831019,0.10123750483069976,0.02950797268805045,0.07094965959900516,0.03719482954668044,0.07863258430803445,0.038272512565479526,0.0800603510207371,0.038991240820790606,0.7488748391205323,0.037391956180550606
phase12_out0_high_modes_20k_results.csv,reflectance_all_m192_r0p05_fw56p0_s1p0_h0p14_oit0,ok,19988,12,57.947875916999976,reflectance,all,192,0.05,56.0,1.0,0.14,,,0,2.5,,,,,,,,,,223.6561256593102,100.5595368318977,0.07627694139630886,0.032365762087721586,0.08137785790416174,0.02928624633320318,0.1815428341991269,0.03803720953045407,0.08033942512136592,0.038475865513466746,0.07646555699792597,0.03850237898143782,0.7463419742043916,0.03690489597675773
phase15_huber_iters_trend_20k_results.csv,reflectance_all_m192_r0p05_fw56p0_s1p0_h0p14_oit0_trend1_hi3,ok,19988,12,134.892482084,reflectance,all,192,0.05,56.0,1.0,0.14,3,True,0,2.5,,,,,,,,,,223.6561256593102,100.5595368318977,0.07627694139630886,0.032365762087721586,0.08137785790416174,0.02928624633320318,0.1815428341991269,0.03803720953045407,0.08033942512136592,0.038475865513466746,0.07646555699792597,0.03850237898143782,0.7463419742043916,0.03690489597675773
phase29_dynamic_range_20k_results.csv,p29_reflectance_m176_r0p05_fw72_s1_h0p14_hi5,ok,19988,12,70.551639083,reflectance,all,176,0.05,72.0,1.0,0.14,5,True,0,2.5,,,,,,,,,,223.66532684059572,100.4882648655715,0.359201188477137,0.034596561832479125,0.08696734311556067,0.029223161394437373,0.14593277845960623,0.03779320309441069,0.0784324001124101,0.03831172329570854,0.07531097856591326,0.03862081705685506,0.7556680655201887,0.03738997703402805
phase18_normalization_high_modes_20k_results.csv,robust_all_m192_r0p05_fw72p0_s1p0_h0p14_oit0_trend1_hi5,ok,19988,12,111.640522833,robust,all,192,0.05,72.0,1.0,0.14,5,True,0,2.5,,,,,,,,,,223.69730370537826,96.7632567634795,0.09312641844430637,0.031564926606674565,0.13502969072890703,0.028491550664788742,0.08116537041310784,0.035779869282558344,0.07663277285570715,0.03573388707558309,0.07206546831603486,0.03684650896395232,0.7470288696190641,0.03675539832490664
phase18_normalization_high_modes_20k_results.csv,robust_all_m192_r0p05_fw72p0_s1p0_h0p18_oit0_trend1_hi5,ok,19988,12,109.00334295800002,robust,all,192,0.05,72.0,1.0,0.18,5,True,0,2.5,,,,,,,,,,223.69730370537826,96.7632567634795,0.09312641844430637,0.031564926606674565,0.13502969072890703,0.028491550664788742,0.08116537041310784,0.035779869282558344,0.07663277285570715,0.03573388707558309,0.07206546831603486,0.03684650896395232,0.7470288696190641,0.03675539832490664
phase29_dynamic_range_20k_results.csv,p29_centered_m192_r0p05_fw72_s1_h0p14_hi5,ok,19988,12,85.04956333300015,centered_reflectance,all,192,0.05,72.0,1.0,0.14,5,True,0,2.5,,,,,,,,,,223.69730370537826,96.7632567634795,0.09312641844430637,0.031564926606674565,0.13502969072890703,0.028491550664788742,0.08116537041310784,0.035779869282558344,0.07663277285570715,0.03573388707558309,0.07206546831603486,0.03684650896395232,0.7470288696190641,0.03675539832490664
phase10_outlier_20k_results.csv,p10_m192_r0p075_fw48_s1_h0p14_oit0,ok,19988,12,56.256315333,reflectance,all,192,0.075,48.0,1.0,0.14,,,0,2.5,,,,,,,,,,223.75930316720806,100.78241197221118,0.06683340742379168,0.032312719275022654,0.08414289715853529,0.029279517543994587,0.07393774139878895,0.03702965805457508,0.07989533431139516,0.03836682050707571,0.07378209733742852,0.03855962598571633,0.7472607236670319,0.03709495405692398
phase12_out0_high_modes_20k_results.csv,reflectance_all_m192_r0p075_fw48p0_s1p0_h0p14_oit0,ok,19988,12,58.398316083,reflectance,all,192,0.075,48.0,1.0,0.14,,,0,2.5,,,,,,,,,,223.75930316720806,100.78241197221118,0.06683340742379168,0.032312719275022654,0.08414289715853529,0.029279517543994587,0.07393774139878895,0.03702965805457508,0.07989533431139516,0.03836682050707572,0.07378209733742852,0.03855962598571633,0.7472607236670319,0.037094954056923986
phase15_huber_iters_trend_20k_results.csv,reflectance_all_m192_r0p05_fw56p0_s1p0_h0p14_oit0_trend1_hi2,ok,19988,12,103.963907417,reflectance,all,192,0.05,56.0,1.0,0.14,2,True,0,2.5,,,,,,,,,,223.81668941622797,100.70866938488929,0.07693044962424749,0.03243067645329708,0.0822731512796135,0.029363943981090743,0.18290142521639602,0.03815793010763161,0.08045234281104345,0.03855201327301651,0.08107866704699206,0.038645286423849234,0.7463162417420024,0.03691029533193059
phase51_norm_basin_20k_results.csv,p51_centered_m192_r0p05_fw80_s0p75_h0p12_lh0p15,ok,19988,12,85.43374162499998,centered_reflectance,all,192,0.05,80.0,0.75,0.12,5,True,0,2.5,,0.15,60.0,,,4,,,,223.83090144345115,96.71990074824404,0.07648227254364995,0.03143386383193891,0.10656281859584683,0.028215705399912555,0.07441133795298593,0.03569760177822458,0.0767481464703993,0.03571581523061567,0.07334887965949016,0.03694018713947649,0.746862705615442,0.03672895209368506
phase12_out0_high_modes_20k_results.csv,reflectance_all_m224_r0p05_fw64p0_s1p0_h0p14_oit0,ok,19988,12,79.88367404099995,reflectance,all,224,0.05,64.0,1.0,0.14,,,0,2.5,,,,,,,,,,223.8550571035784,100.1887209760497,0.06140912532676721,0.03213571223950606,0.06685640530976959,0.029152016020585335,0.07139984853322777,0.0368422967650437,0.1855132435811264,0.03913321897483464,0.0748202379428539,0.03858310306800873,0.754475712039017,0.037253960233825566
phase15_huber_iters_trend_20k_results.csv,reflectance_all_m192_r0p05_fw56p0_s1p0_h0p14_oit0_trend1_hi1,ok,19988,12,68.1898805,reflectance,all,192,0.05,56.0,1.0,0.14,1,True,0,2.5,,,,,,,,,,224.14226529010074,100.95553571291082,0.08501809650065158,0.03268926968315044,0.10779381717398004,0.029830613313619515,0.20684147709286543,0.03874796712680421,0.08066064157046132,0.03867374637263739,0.2247865528602982,0.03999119095907675,0.7462867179098355,0.0369207994966836
phase16_huber5_focused_20k_results.csv,reflectance_all_m192_r0p04_fw56p0_s1p0_h0p14_oit0_trend1_hi5,ok,19988,12,99.52301075000001,reflectance,all,192,0.04,56.0,1.0,0.14,5,True,0,2.5,,,,,,,,,,224.1978360616117,100.59757633055399,0.5228149467947824,0.03659066610681658,0.07960213384819376,0.029406385793809064,0.47437500208089967,0.040254626526626515,0.08106294440583711,0.03861482427572826,0.16736111841742404,0.039446617182668016,0.7458237822139492,0.036851428631757166
phase12_out0_high_modes_20k_results.csv,reflectance_all_m224_r0p075_fw48p0_s1p0_h0p14_oit0,ok,19988,12,79.75486179199993,reflectance,all,224,0.075,48.0,1.0,0.14,,,0,2.5,,,,,,,,,,224.2987831540735,100.55650120449012,0.060486833790699204,0.03218039926996271,0.06519174125537049,0.029128815125197067,0.07138547079205344,0.036903921479627004,0.08139424447596735,0.038005386632737705,0.07560480251407747,0.03872931551480615,0.7552978361131761,0.0373995712238748
phase10_outlier_20k_results.csv,p10_m192_r0p075_fw48_s1_h0p14_oit2,ok,19988,12,77.44604112499997,reflectance,all,192,0.075,48.0,1.0,0.14,,,2,2.5,,,,,,,,,,224.3394012734134,99.16710989718202,0.13881241989354454,0.03275154198946079,0.08233257158789777,0.028828684758038493,0.07349564064014065,0.036426796041218464,0.07939442607036538,0.03750659319359574,0.07318093311894815,0.03798605104852154,0.7488294298695813,0.037021052000827455
phase14_lambda_high_20k_results.csv,reflectance_all_m192_r0p05_fw48p0_s1p0_h0p14_oit0_lh0p2_lfp60p0,ok,19988,12,126.97396104100005,reflectance,all,192,0.05,48.0,1.0,0.14,,,0,2.5,,0.2,60.0,,,,,,,224.3546878778813,100.79220288118091,0.15183563708241993,0.03337913390817784,0.07927538861306398,0.02940511770416415,0.20200646846782083,0.03840811905690212,0.08116011296401908,0.03863309021244177,1.2421439963936456,0.04715438198321626,0.745966990834242,0.03687686252806147
phase14_lambda_high_20k_results.csv,reflectance_all_m192_r0p05_fw48p0_s1p0_h0p14_oit0_lh0p1_lfp60p0,ok,19988,12,120.708758709,reflectance,all,192,0.05,48.0,1.0,0.14,,,0,2.5,,0.1,60.0,,,,,,,224.39208793524247,100.81429842092751,0.15708837823924107,0.03345190087138161,0.07913138308917869,0.029413360383419008,0.22219785426713431,0.03856863702720543,0.08122753731419137,0.038645409284093234,5.181527218404441,0.07504068381483696,0.7459528494167046,0.036882748695907075
phase10_outlier_20k_results.csv,p10_m192_r0p075_fw48_s1_h0p14_oit1,ok,19988,12,72.87238350000001,reflectance,all,192,0.075,48.0,1.0,0.14,,,1,2.5,,,,,,,,,,224.4019384896961,99.331804689966,0.1388161078178424,0.03277361715869498,0.08233594496639247,0.028857137735468257,0.07349626668009691,0.03648906604479825,0.0794163625694457,0.03758905306020832,0.07319307237650806,0.03804944373601111,0.7488264956205145,0.03701503748677674
phase14_lambda_high_20k_results.csv,reflectance_all_m192_r0p05_fw48p0_s1p0_h0p14_oit0_lh0p2_lfp30p0,ok,19988,12,122.19319758400007,reflectance,all,192,0.05,48.0,1.0,0.14,,,0,2.5,,0.2,30.0,,,,,,,224.41093676473383,100.8254255297342,0.1601648550142947,0.033492627264298434,0.07906066416907653,0.02941753213541535,0.23456784682052684,0.038665109955079435,0.08126176099714146,0.038651608440235755,8.79744223782544,0.10062350417608133,0.7459457615451265,0.03688571588453953
phase14_lambda_high_20k_results.csv,reflectance_all_m192_r0p05_fw48p0_s1p0_h0p14_oit0_lh0p1_lfp30p0,ok,19988,12,119.39461433299999,reflectance,all,192,0.05,48.0,1.0,0.14,,,0,2.5,,0.1,30.0,,,,,,,224.41094148901956,100.82543434824835,0.16016485498764044,0.033492626874374536,0.0790606643323354,0.029417532617120788,0.234567846807311,0.03866510824692195,0.08126176164763496,0.0386516105064894,8.797442237822779,0.10062350244674252,0.7459457615595091,0.036885716231727164
phase12_out0_high_modes_20k_results.csv,reflectance_all_m192_r0p05_fw48p0_s1p0_h0p14_oit0,ok,19988,12,57.83279837499998,reflectance,all,192,0.05,48.0,1.0,0.14,,,0,2.5,,,,,,,,,,224.41094387370003,100.82543879385281,0.16016485497418848,0.03349262667748048,0.07906066441443052,0.02941753285928221,0.23456784680075424,0.03866510738730611,0.0812617619753001,0.03865161154603681,8.797442237821443,0.10062350157601727,0.7459457615667743,0.03688571640707231
phase14_lambda_high_20k_results.csv,reflectance_all_m192_r0p05_fw48p0_s1p0_h0p14_oit0_lh0p005_lfp30p0,ok,19988,12,70.801232,reflectance,all,192,0.05,48.0,1.0,0.14,,,0,2.5,,0.005,30.0,,,,,,,224.41094387370003,100.82543879385281,0.16016485497418848,0.03349262667748048,0.07906066441443052,0.02941753285928221,0.23456784680075424,0.0386651073873061,0.0812617619753001,0.03865161154603681,8.797442237821443,0.10062350157601727,0.7459457615667743,0.03688571640707231
phase14_lambda_high_20k_results.csv,reflectance_all_m192_r0p05_fw48p0_s1p0_h0p14_oit0_lh0p005_lfp60p0,ok,19988,12,116.72909495900001,reflectance,all,192,0.05,48.0,1.0,0.14,,,0,2.5,,0.005,60.0,,,,,,,224.41094387370003,100.82543879385281,0.16016485497418848,0.03349262667748048,0.07906066441443052,0.02941753285928221,0.23456784680075424,0.03866510738730611,0.0812617619753001,0.03865161154603681,8.797442237821443,0.10062350157601727,0.7459457615667743,0.03688571640707232
phase41_outlier_reject_20k_results.csv,p41_rmse_m200_r0p05_fw80_s0p75_h0p12_oit2_sig2p5_frac0p10,ok,19988,12,123.50059312500002,reflectance,all,200,0.05,80.0,0.75,0.12,5,True,2,2.5,0.1,,,,,,,,,224.48378751631122,98.17095409540305,0.06265501680283415,0.031659457870686226,0.12239400508317112,0.02882167554636243,0.06899092874720508,0.03604177311707316,0.07794078076279608,0.03683447429336795,0.07354149501256552,0.037692270046076955,0.7416510990667688,0.036789989042893524
phase41_outlier_reject_20k_results.csv,p41_rmse_m200_r0p05_fw80_s0p75_h0p12_oit2_sig3p0_frac0p10,ok,19988,12,124.73868312499997,reflectance,all,200,0.05,80.0,0.75,0.12,5,True,2,3.0,0.1,,,,,,,,,224.48378751631122,98.17095409540305,0.06265501680283415,0.031659457870686226,0.12239400508317112,0.02882167554636243,0.06899092874720508,0.03604177311707316,0.07794078076279609,0.03683447429336795,0.07354149501256552,0.037692270046076955,0.7416510990667688,0.036789989042893524
phase12_out0_high_modes_20k_results.csv,reflectance_all_m224_r0p05_fw56p0_s1p0_h0p14_oit0,ok,19988,12,80.91729337499999,reflectance,all,224,0.05,56.0,1.0,0.14,,,0,2.5,,,,,,,,,,224.5097947540229,100.3488567533402,0.06478929411290005,0.032246668701947596,0.0774378552115607,0.029414832281885114,0.07164377253654111,0.03684188042084149,0.08235737309547426,0.03815144646617513,0.07496913632623388,0.03856072673445324,0.7538005891339653,0.03719598507717461
phase10_outlier_256_20k_results.csv,p10_m224_r0p075_fw48_h0p18_oit0,ok,19988,12,152.670435708,reflectance,all,224,0.075,48.0,1.0,0.18,,,0,2.5,,,,,,,,,,224.5803978545736,100.8164690538995,0.06191698438899037,0.032289015521318166,0.06956159037790828,0.02930178809498342,0.0715026397093721,0.03700226129554162,0.08281635643518957,0.03820915143915842,0.07576089322914127,0.038828445974652605,0.7552117986169575,0.037401400188663475
phase10_outlier_20k_results.csv,p10_m192_r0p1_fw40_s1_h0p18_oit0,ok,19988,12,55.61992575,reflectance,all,192,0.1,40.0,1.0,0.18,,,0,2.5,,,,,,,,,,224.6614420320937,101.50402199872498,0.06708513287161191,0.03250014684147879,0.08448041478021807,0.02943412211721557,0.07224751766360824,0.037195613841029714,0.08040324884744184,0.038578590046936895,0.07474234242555387,0.038849276454142635,0.7475955014362293,0.03727615859613178
phase10_outlier_256_20k_results.csv,p10_m192_r0p1_fw40_h0p18_oit0,ok,19988,12,107.76847624999999,reflectance,all,192,0.1,40.0,1.0,0.18,,,0,2.5,,,,,,,,,,224.6614420320937,101.50402199872498,0.0670851328716119,0.03250014684147879,0.08448041478021807,0.02943412211721557,0.07224751766360824,0.037195613841029714,0.08040324884744184,0.038578590046936895,0.07474234242555387,0.03884927645414263,0.7475955014362293,0.037276158596131787
phase25_robust_index_10k_results.csv,p25_robust_m224_r0p05_fw64_s1_hi5,ok,9998,2,58.602828750000015,robust,all,224,0.05,64.0,1.0,0.14,5,True,0,2.5,,,,,,,,,,224.78161975898183,96.57479920341639,0.06371248740922898,0.030992063763890427,0.0942875085596811,0.02842273276997897,0.07031831567126022,0.035450655412730556,0.08865849229814092,0.03629233900365232,0.07296979000030739,0.03690401711216105,1.0590902247786596,0.04297772138867745
phase25_robust_index_10k_results.csv,p25_robust_m224_r0p05_fw48_s1_hi5,ok,9998,2,58.70922024999999,robust,all,224,0.05,48.0,1.0,0.14,5,True,0,2.5,,,,,,,,,,224.89307182541634,96.77766376979194,0.06353493189109037,0.030944579931388272,0.08997630702744239,0.02847207541725386,0.07284631422639891,0.035570259440938355,0.08388673491740228,0.03628164837174818,0.07427616779269651,0.03692067765960456,1.0573448450946883,0.042847189655307004
phase25_robust_index_10k_results.csv,p25_robust_m224_r0p035_fw72_s1_hi5,ok,9998,2,58.87952008299999,robust,all,224,0.035,72.0,1.0,0.14,5,True,0,2.5,,,,,,,,,,224.9167663276898,96.7600177659522,0.06373303836018542,0.030946510195878633,0.09295459001203567,0.02848156485478378,0.072153297695839,0.035537127588444455,0.08329206271453315,0.036236278206319195,0.07391259671536714,0.0369116397174588,1.057604210171337,0.04285898348467844
phase10_outlier_256_20k_results.csv,p10_m224_r0p075_fw48_h0p18_oit1,ok,19988,12,180.25798470899997,reflectance,all,224,0.075,48.0,1.0,0.18,,,1,2.5,,,,,,,,,,225.01488515807972,100.19882508962807,0.06226584655458449,0.032237728401159786,2.7687101779164505,0.04870248885579045,0.075955077472812,0.03691480607561989,0.08136856046616847,0.03780718574894715,0.07954993002266778,0.03873666754429808,0.755207678603121,0.03738037885074945
phase25_robust_index_10k_results.csv,p25_robust_m224_r0p05_fw72_s1_hi5,ok,9998,2,59.63113304199999,robust,all,224,0.05,72.0,1.0,0.14,5,True,0,2.5,,,,,,,,,,225.1055698324523,96.60767675626364,0.06399758664345215,0.031080459312689025,0.09723171313204254,0.028479262805149636,0.07038408160006883,0.03547891518244772,0.08269920896620014,0.03606416487374547,0.07362924829935762,0.03699433635316691,1.0601034252351589,0.0430800753295606
phase25_robust_index_10k_results.csv,p25_robust_m224_r0p035_fw64_s1_hi5,ok,9998,2,59.492263208,robust,all,224,0.035,64.0,1.0,0.14,5,True,0,2.5,,,,,,,,,,225.2336577848836,96.91871562615167,0.06380602440579879,0.030965885481749694,0.09195971724843442,0.02854472781031051,0.07454201756458996,0.035653096965981415,0.08393266172471622,0.0363443888185939,0.07539833629231459,0.036981286524852434,1.0570813472458238,0.04284383879088083
phase24_high_modes_index_10k_results.csv,p24_reflectance_m256_r0p05_fw96_s1p0_hi5,ok,9998,2,77.33940466600001,reflectance,all,256,0.05,96.0,1.0,0.14,5,True,0,2.5,,,,,,,,,,225.40629169054685,100.47314837383155,0.06505128171420814,0.03250109044470214,0.09784859689953697,0.029760332183886386,0.13202855203635958,0.0379484832314028,0.08277455972546455,0.038065918956662774,0.1024963706932507,0.0397250338184365,1.1300838442291108,0.045263345009067806
phase12_out0_high_modes_20k_results.csv,reflectance_all_m224_r0p05_fw48p0_s1p0_h0p14_oit0,ok,19988,12,80.04651470800002,reflectance,all,224,0.05,48.0,1.0,0.14,,,0,2.5,,,,,,,,,,225.50896954806342,100.640586285208,0.28201026236969706,0.03425002225837551,0.09044014525227433,0.02972605769968726,0.07216510926737013,0.036889456997834635,0.08310353124891125,0.03833302385868486,0.07550138430296464,0.03861642525562382,0.7532031860426789,0.037172930575987057
phase11_m256_oit0_20k_results.csv,reflectance_all_m256_r0p05_fw64p0_s1p0_h0p18_oit0,ok,19988,12,224.31070949999997,reflectance,all,256,0.05,64.0,1.0,0.18,,,0,2.5,,,,,,,,,,225.59908457804735,100.64638353459786,0.19090016990925998,0.034123106800963005,0.1857076360349388,0.031167323129733825,0.07539946986168904,0.037167080823250404,0.08252938296658056,0.038075363871586144,0.07662504503794715,0.038942878532589986,0.7930147801257772,0.03802188237271493
phase10_outlier_20k_results.csv,p10_m192_r0p1_fw40_s1_h0p18_oit1,ok,19988,12,66.941059041,reflectance,all,192,0.1,40.0,1.0,0.18,,,1,2.5,,,,,,,,,,225.79702762941218,100.57241195141586,0.06669252692467148,0.03232003825951774,0.08407890757327324,0.029176519418093048,0.07194362098951174,0.036820150308758196,0.08010430589139604,0.03805186360788554,0.07433679436240744,0.03848870781755764,0.7475971279919479,0.03726105618400004
phase10_outlier_256_20k_results.csv,p10_m192_r0p1_fw40_h0p18_oit1,ok,19988,12,136.381486334,reflectance,all,192,0.1,40.0,1.0,0.18,,,1,2.5,,,,,,,,,,225.79702762941218,100.57241195141586,0.06669252692467148,0.03232003825951774,0.08407890757327324,0.029176519418093048,0.07194362098951175,0.036820150308758196,0.08010430589139604,0.03805186360788554,0.07433679436240744,0.038488707817557644,0.7475971279919479,0.03726105618400004
phase24_high_modes_index_10k_results.csv,p24_reflectance_m256_r0p05_fw128_s1p0_hi5,ok,9998,2,76.93613083299999,reflectance,all,256,0.05,128.0,1.0,0.14,5,True,0,2.5,,,,,,,,,,225.8030071721985,101.05157116226815,0.06633557768623291,0.032885500225579754,0.11306420243672484,0.02995121369007711,0.07821620326416272,0.037617725291816,0.08154464830246395,0.038164369822560794,0.10580096379587824,0.04018717198538254,1.1525695860725753,0.04611899759652372
phase12_out0_high_modes_20k_results.csv,reflectance_all_m192_r0p025_fw64p0_s1p0_h0p14_oit0,ok,19988,12,58.06104499999999,reflectance,all,192,0.025,64.0,1.0,0.14,,,0,2.5,,,,,,,,,,225.97839163223932,101.27353989130071,0.08405930619984339,0.03287943369474241,0.0988294489724427,0.030296212419129,0.07393329326291256,0.037195515143537965,0.08250970357167314,0.039137681554749656,0.07668600316166872,0.038706734089476634,0.7453327618785824,0.036927809611755
phase24_high_modes_index_10k_results.csv,p24_reflectance_m256_r0p035_fw96_s1p0_hi5,ok,9998,2,78.86997408299999,reflectance,all,256,0.035,96.0,1.0,0.14,5,True,0,2.5,,,,,,,,,,226.04973912746274,100.21259237137014,0.5260355836939679,0.0374755054511683,0.0970690073300234,0.02998162138912447,0.08394537264719487,0.0371026048873759,0.08439970160631352,0.03821255239778347,0.07777565460712722,0.03876463271941241,1.114521790707942,0.04465206458692584
phase7_very_high_modes_20k_results.csv,reflectance_all_m224_r0p075_fw48p0_s1p0_h0p18_oit2,ok,19988,12,97.130124792,reflectance,all,224,0.075,48.0,1.0,0.18,,,2,2.5,,,,,,,,,,226.1443101789059,100.21976070970918,0.06226528010090513,0.03223211497783188,2.7687099684784418,0.04868254677848959,0.07606191181281413,0.03689436415696406,0.08144793394035024,0.037771959633315755,0.07962462053279959,0.03871886216836075,0.7552076286837975,0.03737820242164946
phase7_very_high_modes_20k_results.csv,reflectance_all_m224_r0p075_fw56p0_s1p0_h0p18_oit2,ok,19988,12,97.015847334,reflectance,all,224,0.075,56.0,1.0,0.18,,,2,2.5,,,,,,,,,,226.23888839138604,100.16038340229049,0.07391264345854387,0.03254339135617577,0.06751854527208492,0.029071540521134382,0.08382095638383444,0.03710446578028291,0.08054081453890098,0.03767301812581984,0.09102974142744653,0.03902276095043472,0.7563820704510698,0.03752482871556859
phase10_outlier_20k_results.csv,p10_m192_r0p1_fw40_s1_h0p18_oit2,ok,19988,12,72.77970691599998,reflectance,all,192,0.1,40.0,1.0,0.18,,,2,2.5,,,,,,,,,,226.35851975999805,100.50307681647426,0.066688598032471,0.03230642211065682,0.08406761806680568,0.02914530350394088,0.07198521179009114,0.03677991424488748,0.08011202454218312,0.03799048707330108,0.07435842261509126,0.03845266087507742,0.7476153005280719,0.037285384389151674
phase6_high_modes_focused_20k_results.csv,reflectance_all_m192_r0p1_fw40p0_s1p0_h0p18_oit2,ok,19988,12,73.62187549999999,reflectance,all,192,0.1,40.0,1.0,0.18,,,2,2.5,,,,,,,,,,226.35851975999805,100.50307681647426,0.066688598032471,0.03230642211065682,0.08406761806680568,0.02914530350394088,0.07198521179009114,0.03677991424488748,0.08011202454218312,0.03799048707330108,0.07435842261509125,0.03845266087507742,0.747615300528072,0.037285384389151674
phase7_very_high_modes_20k_results.csv,reflectance_all_m224_r0p05_fw56p0_s1p0_h0p18_oit2,ok,19988,12,101.06062116599998,reflectance,all,224,0.05,56.0,1.0,0.18,,,2,2.5,,,,,,,,,,226.36492622880775,99.99845499281297,0.11231225900441826,0.03274722543590337,0.07549879688360181,0.02934987429855028,0.07210907049209667,0.03670738395260048,0.08691901382980036,0.038078904510931766,0.075356745598932,0.03843371907781829,0.7537583632847675,0.03717584607194975
phase10_outlier_256_20k_results.csv,p10_m192_r0p1_fw40_h0p18_oit3,ok,19988,12,135.922740292,reflectance,all,192,0.1,40.0,1.0,0.18,,,3,2.5,,,,,,,,,,226.3655952601865,100.50429134337062,0.06668851875412,0.03230539527071581,0.08406807833810791,0.029147190052503876,0.07198914801501387,0.03678021753197108,0.08011799902053764,0.0379909837342749,0.07436225405088794,0.03845244767440041,0.7476150305572447,0.03728531948234474
phase24_high_modes_index_10k_results.csv,p24_reflectance_m192_r0p035_fw96_s0p75_hi5,ok,9998,2,41.810481667,reflectance,all,192,0.035,96.0,0.75,0.14,5,True,0,2.5,,,,,,,,,,226.3889551544506,100.45377758898552,0.07646165466428621,0.03230849666627283,0.1052534793239508,0.02960176756749994,0.08616199835744168,0.03715998711853112,0.08374284176024129,0.038780261892670906,0.0747412252361684,0.03848548149407565,1.0479287760807354,0.04260256999340905
phase24_high_modes_index_10k_results.csv,p24_reflectance_m192_r0p035_fw96_s1p0_hi5,ok,9998,2,42.084903084,reflectance,all,192,0.035,96.0,1.0,0.14,5,True,0,2.5,,,,,,,,,,226.43992637258512,100.59813072939295,0.07789461355752172,0.032509671303071384,0.11999355774277821,0.029926162177632516,0.08394023980417345,0.037164480943855015,0.08282753198373495,0.038875246428559766,0.07475833231208703,0.03857299874811581,1.0488929835120304,0.042757132066368914
phase11_m256_oit0_20k_results.csv,reflectance_all_m256_r0p05_fw56p0_s1p0_h0p18_oit0,ok,19988,12,228.294987792,reflectance,all,256,0.05,56.0,1.0,0.18,,,0,2.5,,,,,,,,,,226.5886241988431,100.87448248498822,0.07213945159739234,0.03285080782711323,0.0971307637332189,0.03032265887856441,0.07475116163201281,0.03714389698378602,0.08362611548357832,0.03824651355904802,0.07830941587777912,0.03902254796465337,0.7905119219249157,0.03797235208548625
phase25_robust_index_10k_results.csv,p25_robust_m224_r0p035_fw48_s1_hi5,ok,9998,2,59.33039425000004,robust,all,224,0.035,48.0,1.0,0.14,5,True,0,2.5,,,,,,,,,,226.81131080797508,97.53967967483176,0.06441431344049317,0.0311318150291988,0.09088536493870195,0.02879367631686029,0.10234807292171302,0.03637666443982905,0.08619197050356463,0.03670617121058595,0.08712617798424549,0.03740281645034025,1.0562793116272526,0.04291433952187721
phase7_very_high_modes_20k_results.csv,reflectance_all_m224_r0p075_fw40p0_s1p0_h0p18_oit2,ok,19988,12,102.80247737500002,reflectance,all,224,0.075,40.0,1.0,0.18,,,2,2.5,,,,,,,,,,227.01498085353515,100.426784751546,0.11642491705495137,0.03283650036710234,0.10928232493432773,0.029717892021596838,0.07230193536477263,0.036748923792504655,0.08302498039765555,0.03797637100722881,0.07694583744612583,0.038584396497161104,0.7541620122814566,0.03727512346999082
phase46_phenology_trend_20k_results.csv,p46_m200_fw84_lh0p15_pref4_trend0,ok,19988,12,97.13829908299999,reflectance,all,200,0.05,84.0,0.75,0.12,5,False,0,2.5,,0.15,60.0,,,4,,,,227.02896375925965,102.5693286436214,0.07150246753079822,0.03326856716746297,0.05298328215624354,0.029552308649729252,0.07946089876490452,0.03794077355976648,0.07732724234034617,0.03844384692075691,0.13418209699656078,0.040306636614422464,0.7399592013378719,0.038348917514640576
phase24_high_modes_index_10k_results.csv,p24_reflectance_m192_r0p05_fw96_s0p75_hi5,ok,9998,2,42.559845084,reflectance,all,192,0.05,96.0,0.75,0.14,5,True,0,2.5,,,,,,,,,,227.02993312627584,100.9107818622542,0.09171484099626498,0.032873328318684315,0.12595276292211985,0.030012164455907007,0.07307212637241767,0.03717797279678033,0.08240151255073293,0.03878128316471936,0.09739055608431872,0.03929044924477881,1.050532654439127,0.04308506415616128
phase24_high_modes_index_10k_results.csv,p24_reflectance_m192_r0p05_fw96_s1p0_hi5,ok,9998,2,42.77383208399999,reflectance,all,192,0.05,96.0,1.0,0.14,5,True,0,2.5,,,,,,,,,,227.02995209603642,101.02149727165919,0.08877446414331604,0.0329662687181188,0.14689517441888825,0.0303485020615449,0.07283421319883256,0.03717592671977853,0.08167794203037407,0.03883017652155708,0.08832894488380144,0.03920814247596898,1.0516098595066845,0.04321025593124818
phase12_out0_high_modes_20k_results.csv,reflectance_all_m192_r0p025_fw56p0_s1p0_h0p14_oit0,ok,19988,12,57.405917334,reflectance,all,192,0.025,56.0,1.0,0.14,,,0,2.5,,,,,,,,,,227.16153170629946,101.73097693300431,0.1532815285229161,0.03366762892471206,0.09238805333003301,0.030314659349154796,0.07376764856971474,0.03730284286615865,0.08345792707257534,0.039404018957394066,0.0767070607510639,0.03882988753407353,0.7452411667078583,0.03701717844148444
phase7_very_high_modes_20k_results.csv,reflectance_all_m224_r0p1_fw40p0_s1p0_h0p18_oit2,ok,19988,12,96.75519483300002,reflectance,all,224,0.1,40.0,1.0,0.18,,,2,2.5,,,,,,,,,,227.1850134403825,100.59216693309594,0.06286155801331543,0.032383037885604704,0.06718946139669778,0.02917066529124271,0.7444465485842429,0.04202761301439729,0.08172966714135706,0.03779868535068277,0.9506567312859632,0.045488485539383644,0.7560601536339707,0.03754410284454367
phase25_robust_index_10k_results.csv,p25_robust_m192_r0p05_fw48_s1_hi5,ok,9998,2,42.583457958,robust,all,192,0.05,48.0,1.0,0.14,5,True,0,2.5,,,,,,,,,,227.20496139895832,97.20152282062925,0.09496069025111781,0.03175032430368716,0.1527252945730313,0.029249263228019053,0.09192672753692312,0.03599780351758238,0.0820856445749463,0.036519725410607724,0.08775997374241996,0.037162711085682934,1.0470512097544915,0.04228329108237511
phase25_robust_index_10k_results.csv,p25_robust_m192_r0p035_fw72_s1_hi5,ok,9998,2,41.84499658300001,robust,all,192,0.035,72.0,1.0,0.14,5,True,0,2.5,,,,,,,,,,227.32590934928834,97.19791934479628,0.10698455135848868,0.031908469479825625,0.1651688194949373,0.029355508388937773,0.10419465883340549,0.03613177744973972,0.08149546164755332,0.03647945101671025,0.08065040960848732,0.03699864468888164,1.0472353143220183,0.04229225317960043
phase7_very_high_modes_20k_results.csv,reflectance_all_m224_r0p05_fw48p0_s1p0_h0p18_oit2,ok,19988,12,100.90562470799999,reflectance,all,224,0.05,48.0,1.0,0.18,,,2,2.5,,,,,,,,,,227.33200543262024,100.28189323870997,0.07178288429110931,0.03240395304130653,0.07745414367767782,0.02948777870004119,0.07224248487487349,0.0367306929916296,0.08372121466193473,0.038146608978388445,0.07550094913778037,0.03846039866212441,0.7531811573898395,0.037152528256114384
phase6_high_modes_focused_20k_results.csv,reflectance_all_m192_r0p1_fw32p0_s1p0_h0p18_oit2,ok,19988,12,72.774998708,reflectance,all,192,0.1,32.0,1.0,0.18,,,2,2.5,,,,,,,,,,227.33482135507464,100.75829642115045,0.06766455715354602,0.03226001480605908,0.07548541491217313,0.02909140152824209,0.07977807318330433,0.036813787254725776,0.08195320765386269,0.03819831107071251,0.07385566276705109,0.03831639335196104,0.7466716756486159,0.03711593165048278
phase25_robust_index_10k_results.csv,p25_robust_m192_r0p035_fw64_s1_hi5,ok,9998,2,41.067663625,robust,all,192,0.035,64.0,1.0,0.14,5,True,0,2.5,,,,,,,,,,227.39515444800702,97.31800105166131,0.08739878903169115,0.03168285236023732,0.16000057504738088,0.029376834877039636,0.08756931475127147,0.03600639306079182,0.08203171111264547,0.036571865385682384,0.13289558482774702,0.037929154362389424,1.0468477083311694,0.042277854129009085
phase25_robust_index_10k_results.csv,p25_robust_m192_r0p05_fw64_s1_hi5,ok,9998,2,42.75880641699999,robust,all,192,0.05,64.0,1.0,0.14,5,True,0,2.5,,,,,,,,,,227.70380457624918,97.08360646230689,0.32052670584837967,0.03429329176010388,0.17245613214671326,0.029374173284843937,0.14967861349584857,0.036600740596064434,0.08078680644748383,0.0363449764586062,0.07314490160044151,0.03679950116735416,1.0482589619269318,0.04241583052786801
phase12_out0_high_modes_20k_results.csv,reflectance_all_m224_r0p025_fw64p0_s1p0_h0p14_oit0,ok,19988,12,79.43084925000005,reflectance,all,224,0.025,64.0,1.0,0.14,,,0,2.5,,,,,,,,,,227.85402601352763,101.22198633129513,0.4900810595700865,0.036171598610206364,0.07539085347223903,0.030022942038008503,0.07583204060942662,0.03733489594291049,0.08468530247453843,0.03892053203566649,0.07881209725812081,0.03900381823055493,0.7522465063898373,0.03723223342286947
phase8_huber_shrink_10k_results.csv,reflectance_all_m192_r0p075_fw48p0_s1p0_h0p14_oit2,ok,9998,2,38.647073792000015,reflectance,all,192,0.075,48.0,1.0,0.14,,,2,2.5,,,,,,,,,,228.0256627883401,99.87973335122643,0.18812477422008558,0.033673207223240596,0.10606342533675378,0.029321212644934258,0.07770595808936105,0.03651316893697729,0.0836690546924342,0.038137557797503344,0.07432895601550225,0.03811701484497421,1.0514401599382788,0.042787784760049484
phase8_huber_shrink_10k_results.csv,reflectance_all_m192_r0p075_fw48p0_s1p0_h0p22_oit2,ok,9998,2,34.68713258299999,reflectance,all,192,0.075,48.0,1.0,0.22,,,2,2.5,,,,,,,,,,228.06981176356592,101.06674315942028,0.075070230009385,0.03247033574228112,0.10857546049065661,0.029769265171950332,0.07790765504210853,0.03696905077603537,0.0843094519306985,0.03889324432364779,0.07457653961153439,0.03854204233939224,1.0490228651487072,0.04296710455637663
phase24_high_modes_index_10k_results.csv,p24_reflectance_m192_r0p05_fw128_s1p0_hi5,ok,9998,2,43.45468166700002,reflectance,all,192,0.05,128.0,1.0,0.14,5,True,0,2.5,,,,,,,,,,228.26434913021154,101.70883943693217,0.2609887134438336,0.03538436297006281,0.2107256102946519,0.031451330177843795,0.07527970095334409,0.037730606157764766,0.08077440400986038,0.03896577867780468,0.10302149349637156,0.039965210422285305,1.0552195756789846,0.04378334521602731
phase25_robust_index_10k_results.csv,p25_robust_m192_r0p05_fw72_s1_hi5,ok,9998,2,43.17736045800001,robust,all,192,0.05,72.0,1.0,0.14,5,True,0,2.5,,,,,,,,,,228.268091894331,97.13834113643446,0.12048406258352107,0.03224457367349576,0.18540778954357867,0.02952628757619081,0.09170512662682659,0.035914141333485056,0.08035522660088117,0.03630767885323395,0.07331648426610188,0.036872642820361685,1.048924498292618,0.04252133328008061
phase24_high_modes_index_10k_results.csv,p24_reflectance_m192_r0p05_fw128_s0p75_hi5,ok,9998,2,43.01666499999999,reflectance,all,192,0.05,128.0,0.75,0.14,5,True,0,2.5,,,,,,,,,,228.29295384750756,101.63318461772882,0.1935899521465765,0.03455822076905611,0.17050249791297534,0.030954621765761657,0.07726886214027182,0.03779554677434753,0.08132944219211084,0.03894560560331563,0.09272388699268094,0.03976527099439508,1.0539819090726907,0.04367908813359273
phase25_robust_index_10k_results.csv,p25_robust_m192_r0p035_fw48_s1_hi5,ok,9998,2,40.835693041999996,robust,all,192,0.035,48.0,1.0,0.14,5,True,0,2.5,,,,,,,,,,228.34684012424037,97.82381735602726,0.07534025982041884,0.03148818663431748,0.1603063166698733,0.029888738718350228,0.08315384975442605,0.036051572355311035,0.08350536265983628,0.036851144243854383,0.08323711666369565,0.037187617466712654,1.0461210134442058,0.04232491387332617
phase6_high_modes_focused_20k_results.csv,reflectance_all_m192_r0p1_fw24p0_s1p0_h0p18_oit2,ok,19988,12,72.32331949999997,reflectance,all,192,0.1,24.0,1.0,0.18,,,2,2.5,,,,,,,,,,228.42586069105772,101.40196116803962,0.10953369878879489,0.03281036104916256,0.06931158297430802,0.029254674689566374,0.09216423285543134,0.03696539798653473,0.08561541100568315,0.03863039012485442,0.07570304225396854,0.03844087745283366,0.7459154010053145,0.037090215860041256
phase8_huber_shrink_10k_results.csv,reflectance_all_m192_r0p075_fw40p0_s1p0_h0p22_oit2,ok,9998,2,33.854051208,reflectance,all,192,0.075,40.0,1.0,0.22,,,2,2.5,,,,,,,,,,228.55065347696004,101.24132355973158,0.08053144998462447,0.03253864779326044,0.09826054922430533,0.02969780859755916,0.11067114498003948,0.03742602003549182,0.08589677129582735,0.03905297583012006,0.07418949690502308,0.038481147699145166,1.048105549095086,0.04286108227732477
phase18_normalization_high_modes_20k_results.csv,robust_all_m192_r0p1_fw64p0_s1p0_h0p14_oit0_trend1_hi5,ok,19988,12,111.92416441700004,robust,all,192,0.1,64.0,1.0,0.14,5,True,0,2.5,,,,,,,,,,228.58312535617554,98.13324871176548,0.10556936517496951,0.03249752753845935,0.6019072170158668,0.03229562915677638,0.07410271073743985,0.036443358437298796,0.07646182189029338,0.035990935747359586,0.08487889207511319,0.03806817835207857,0.7510517539393289,0.03762784994404189
phase6_high_modes_focused_20k_results.csv,reflectance_all_m192_r0p15_fw24p0_s1p0_h0p18_oit2,ok,19988,12,72.77173275000007,reflectance,all,192,0.15,24.0,1.0,0.18,,,2,2.5,,,,,,,,,,228.65745440841604,101.57560820854525,0.06727474806017333,0.032484139192782896,0.07374884771872232,0.029217202997511266,0.07423960930275375,0.03683326958002423,0.08490630854363186,0.03840442766616014,0.08752134950316875,0.038811768768881684,0.7471489948886917,0.03738004100308302
phase24_high_modes_index_10k_results.csv,p24_reflectance_m256_r0p075_fw128_s1p0_hi5,ok,9998,2,77.32090737499993,reflectance,all,256,0.075,128.0,1.0,0.14,5,True,0,2.5,,,,,,,,,,228.68669073494436,102.99016795990549,0.07057659683288983,0.03390368187434606,0.16421756321692793,0.03101211137233491,0.07969664096361109,0.038612187112367344,0.08097384673639577,0.038730822616687595,0.08187521407638011,0.040726423149471704,1.2194959694211107,0.048249258008661484
phase8_huber_shrink_10k_results.csv,reflectance_all_m192_r0p075_fw40p0_s1p0_h0p14_oit2,ok,9998,2,36.487492792000005,reflectance,all,192,0.075,40.0,1.0,0.14,,,2,2.5,,,,,,,,,,228.71677252620594,100.21322173851881,0.08665948511173296,0.03241023788718421,0.0964594049087056,0.029312414644006805,0.11047891521289907,0.03698406498755706,0.0853907207212251,0.0383583607162322,0.0738735166348309,0.038072365863068676,1.0503869887846784,0.04267020680337842
phase12_out0_high_modes_20k_results.csv,reflectance_all_m192_r0p025_fw48p0_s1p0_h0p14_oit0,ok,19988,12,59.273571167,reflectance,all,192,0.025,48.0,1.0,0.14,,,0,2.5,,,,,,,,,,228.73348557025406,102.34065605587274,0.07061518475800586,0.03306311775310076,0.08015101200380167,0.030344797717431215,0.07417921957158197,0.037478448096684706,0.0848474046722294,0.039764118859530746,0.07748903768621217,0.03904830266926367,0.7451878917014814,0.03714930177767136
phase7_very_high_modes_20k_results.csv,reflectance_all_m224_r0p05_fw40p0_s1p0_h0p18_oit2,ok,19988,12,98.953488417,reflectance,all,224,0.05,40.0,1.0,0.18,,,2,2.5,,,,,,,,,,228.89546495655594,100.7965347274586,0.5104652436184642,0.035995611931062085,0.0997269260514839,0.029904700941117798,0.07284994492215244,0.03684314391464222,0.08492866380520378,0.038427616902418395,0.07628807209976939,0.038605920539290225,0.7526990845396903,0.03718112703430283
phase8_huber_shrink_10k_results.csv,reflectance_all_m192_r0p1_fw40p0_s1p0_h0p22_oit2,ok,9998,2,36.849324041000045,reflectance,all,192,0.1,40.0,1.0,0.22,,,2,2.5,,,,,,,,,,228.96484025744303,101.546053283013,0.07569621250267372,0.03261371309115748,0.10865547387568407,0.029849701632726558,0.07447344192606133,0.036987470194151134,0.08484335137496607,0.03899744811328925,0.07607375624637822,0.03874536355206304,1.0496949278568717,0.04314288461095625
phase8_huber_shrink_10k_results.csv,reflectance_all_m192_r0p1_fw40p0_s1p0_h0p14_oit2,ok,9998,2,39.315447750000004,reflectance,all,192,0.1,40.0,1.0,0.14,,,2,2.5,,,,,,,,,,228.9968425204828,100.38463752941304,0.8536869389722285,0.04064640849419009,0.10539662388855033,0.029400068568265873,0.07429235983549559,0.036537596113987686,0.08420401708490166,0.03823489519482566,0.07585468596189687,0.03832548275479117,1.052193513020884,0.04296979696952537
phase8_huber_shrink_10k_results.csv,reflectance_all_m192_r0p1_fw48p0_s1p0_h0p22_oit2,ok,9998,2,35.414024167000036,reflectance,all,192,0.1,48.0,1.0,0.22,,,2,2.5,,,,,,,,,,229.1532332974054,101.60872772617775,0.0886057163628274,0.032968953566655426,0.12587194666349716,0.030137451073058305,0.07263817482874213,0.037132981409120504,0.0834550808281582,0.038943322035542495,0.08606584510438708,0.039181621336824055,1.05117536717054,0.04337100072690216
phase29_dynamic_range_20k_results.csv,p29_centered_m160_r0p075_fw48_s1_h0p16_hi5,ok,19988,12,58.14603495799997,centered_reflectance,all,160,0.075,48.0,1.0,0.16,5,True,0,2.5,,,,,,,,,,229.15476692692923,97.80947984539216,0.06244953883788044,0.03108567822460052,0.07949834966651462,0.02819763047661449,0.07077037452717494,0.03598428614015003,0.07963589671933144,0.03634116712319921,0.07215091984600104,0.03724463935678822,0.7755498213249653,0.037079421769058735
phase12_out0_high_modes_20k_results.csv,reflectance_all_m224_r0p025_fw56p0_s1p0_h0p14_oit0,ok,19988,12,82.18277616599994,reflectance,all,224,0.025,56.0,1.0,0.14,,,0,2.5,,,,,,,,,,229.3845507047015,101.75294481009612,0.27396026363176684,0.03490334454314677,0.07347102647370328,0.030275555138640296,0.07996700563043048,0.03764328699293091,0.08583441391944036,0.03922698924210304,0.08382896612346258,0.03936476766916267,0.7521322791183502,0.037333825883658876
phase58_current_best_500k_results.csv,p58_current_best_lh0p2_500k,ok,499771,229,2560.200620292,reflectance,all,200,0.05,84.0,0.625,0.12,5,True,0,2.5,,0.2,60.0,,,4,,,,229.51610639209753,100.92532950859614,0.2523239115664992,0.033675720049082335,0.3754131330956623,0.030186012360550213,0.3172590700616617,0.03783560909006068,0.2616257340878446,0.03915125062176176,10.47790327791776,0.05528587744623925,5.336630071814476,0.04463709829595568
phase55_current_best_500k_results.csv,p55_current_best_s0p625_500k,ok,499771,229,2418.691700083,reflectance,all,200,0.05,84.0,0.625,0.12,5,True,0,2.5,,0.15,60.0,,,4,,,,229.5246754773112,100.9308928857631,0.2463697861627123,0.033669315579706274,0.46023950658719953,0.03030600054098813,0.279121747993971,0.03781651968389172,0.2595374309416405,0.03914866897803787,0.5558328975435567,0.04107181609202997,5.125333543010997,0.04429976271964137
phase15_huber_iters_trend_20k_results.csv,reflectance_all_m192_r0p05_fw56p0_s1p0_h0p14_oit0_trend0_hi1,ok,19988,12,67.20684625000001,reflectance,all,192,0.05,56.0,1.0,0.14,1,False,0,2.5,,,,,,,,,,229.56893755547136,104.18596757417241,1.5922827470602183,0.04520359041339423,0.09297667020366764,0.03052816160575024,0.4101765142686505,0.042835505402284875,0.07917038667121686,0.039474812603982924,0.13602815421845912,0.040848233976543066,0.745233434061097,0.03851255022856015
phase47_current_best_500k_results.csv,p47_current_best_m200_r0p05_fw84_s0p75_h0p12_lh0p15_500k,ok,499771,229,2439.220727958,reflectance,all,200,0.05,84.0,0.75,0.12,5,True,0,2.5,,0.15,60.0,,,4,,,,229.56946156187755,100.96480335000234,0.3079241685862079,0.03382704883003371,0.6142826763479273,0.03070555946165501,0.1734552857825492,0.037544274333879496,0.27251915522223163,0.03919654937329946,0.5659467671393775,0.04081461222911853,3.6094483965556203,0.041855330045042945
phase8_huber_shrink_10k_results.csv,reflectance_all_m192_r0p1_fw48p0_s1p0_h0p14_oit2,ok,9998,2,39.51508320800002,reflectance,all,192,0.1,48.0,1.0,0.14,,,2,2.5,,,,,,,,,,229.7309855897242,100.4584768867205,0.11707038474376848,0.033350056222954706,0.12078660220715678,0.029622568953716556,0.072401817889875,0.03668406129181612,0.08280391327477217,0.03818234210076589,0.08582698723286893,0.0387639968213037,1.0538574009054762,0.04322051776310631
phase6_high_modes_focused_20k_results.csv,reflectance_all_m160_r0p1_fw40p0_s1p0_h0p18_oit2,ok,19988,12,51.218472916999986,reflectance,all,160,0.1,40.0,1.0,0.18,,,2,2.5,,,,,,,,,,230.1368205999446,101.24321086017929,0.06148864702423264,0.03221425537096935,0.08746137208227284,0.029434214051416833,0.07117341300744325,0.03714159883322841,0.08264007240538974,0.03851732008902143,0.07459009304358934,0.03889311160598942,0.7907961318769868,0.0377582976769731
phase8_huber_shrink_10k_results.csv,reflectance_all_m192_r0p075_fw40p0_s1p0_h0p18_oit2,ok,9998,2,35.741806999999994,reflectance,all,192,0.075,40.0,1.0,0.18,,,2,2.5,,,,,,,,,,230.16899346384946,100.8831031456923,0.08022281460897533,0.0323984777899095,0.09806941751580993,0.029539657601876507,0.11067818582622568,0.03721670951426396,0.08584159198560998,0.03877037322247746,0.07412957282236914,0.03828502585506105,1.04809115384245,0.04282589449310218
phase57_tiny_neighborhood_100k_results.csv,p57_rmse_m200_r0p05_fw84_s0p625_h0p12_lh0p2_100k,ok,99954,46,461.51697179200005,reflectance,all,200,0.05,84.0,0.625,0.12,5,True,0,2.5,,0.2,60.0,,,4,,,,230.52667838088192,101.08228134804047,0.23237592261749773,0.03360888255819607,0.07585839364588236,0.029068115414096287,0.2267289400398359,0.03825553916029795,0.14415270230662094,0.038878039420814234,0.1146751073856164,0.039187572775403856,2.56300523046237,0.04455653168933751
phase6_high_modes_focused_20k_results.csv,reflectance_all_m160_r0p1_fw32p0_s1p0_h0p18_oit2,ok,19988,12,50.938320084000004,reflectance,all,160,0.1,32.0,1.0,0.18,,,2,2.5,,,,,,,,,,230.53320302011875,101.33493279169608,0.06187285060612185,0.0321087527475245,0.08230262376280888,0.029359385862865885,0.07128671429127899,0.03699351174842807,0.08487118859382466,0.03867112833675256,0.07459441552332266,0.0387276126622031,0.7800298441186564,0.037441324799369985
phase54_shrinkage_100k_results.csv,p54_rmsebasin_m200_r0p05_fw84_s0p625_h0p12_lh0p15_100k,ok,99954,46,479.78307304099997,reflectance,all,200,0.05,84.0,0.625,0.12,5,True,0,2.5,,0.15,60.0,,,4,,,,230.53575719224355,101.08788204562022,0.22857782594574585,0.03359922243765554,0.07593439405969143,0.029071631643363464,0.2649344588533032,0.03849722752089081,0.14102153937933995,0.0388672666951321,0.10814285520105038,0.03915765864210105,2.562965002294496,0.044557804627501245
phase57_tiny_neighborhood_100k_results.csv,p57_rmse_m200_r0p05_fw80_s0p625_h0p12_lh0p2_100k,ok,99954,46,460.81237400000003,reflectance,all,200,0.05,80.0,0.625,0.12,5,True,0,2.5,,0.2,60.0,,,4,,,,230.53588997046376,101.03715197152184,0.4365302316459429,0.034816282749034214,0.10745578240553758,0.02926698112856914,0.6435240741950984,0.039870030058662104,0.3099013280321452,0.03945405945211019,0.09639776154449631,0.03900148207526146,2.567042347301497,0.0445178561178889
phase45_final_100k_results.csv,p45_m200_r0p05_fw84_s0p75_h0p12_lh0p15_lfp60_100k,ok,99954,46,501.9544062499999,reflectance,all,200,0.05,84.0,0.75,0.12,5,True,0,2.5,,0.15,60.0,,,,,,,230.58050101616777,101.12497604030969,0.38788147591947375,0.03416000772606277,0.07953309999929828,0.029107841716719648,0.21349255372863737,0.037964103787134225,0.13733995119335102,0.03889075573149545,0.09496223826739043,0.03912572248798211,2.56407256356357,0.044598290848027626
phase45_final_100k_results.csv,p45_m200_r0p05_fw80_s0p75_h0p12_lh0p15_lfp60_100k,ok,99954,46,518.7579598749999,reflectance,all,200,0.05,80.0,0.75,0.12,5,True,0,2.5,,0.15,60.0,,,,,,,230.59381879840933,101.08236940541207,0.2450658486241715,0.033821100093663826,0.08958428937465691,0.029210815776154177,0.19365034927880748,0.03776525717780541,0.7416504162437025,0.04089335824118142,0.09397813312707118,0.039029317089991244,2.5683380716392685,0.04456153231142945
phase45_final_100k_results.csv,p45_m200_r0p05_fw84_s0p75_h0p12_100k,ok,99954,46,500.386604875,reflectance,all,200,0.05,84.0,0.75,0.12,5,True,0,2.5,,,,,,,,,,230.59880700824377,101.13624090594318,0.3370151259284892,0.033994225893014485,0.07956410053590605,0.029114137192692343,0.2205627292807839,0.03805392345002336,0.13328164258766662,0.038877538468497126,0.09425412459914839,0.03912332395496626,2.563988746426845,0.04460081835371447
phase36_m200_100k_results.csv,p36_reflectance_m200_r0p05_fw80_s0p75_h0p12_hi5_100k,ok,99954,46,458.327221333,reflectance,all,200,0.05,80.0,0.75,0.12,5,True,0,2.5,,,,,,,,,,230.61334721298658,101.09429279760882,0.26050321505191826,0.03392180205132596,0.09103320756721012,0.02922546601428458,0.1967780925292549,0.037809458425592704,3.612466430640382,0.04999392452809353,0.09437457669274193,0.03903789970317147,2.56824877126921,0.044564277549468366
phase45_final_100k_results.csv,p45_m200_r0p05_fw76_s0p75_h0p12_lh0p15_lfp60_100k,ok,99954,46,476.9093926669999,reflectance,all,200,0.05,76.0,0.75,0.12,5,True,0,2.5,,0.15,60.0,,,,,,,230.63378848052554,101.05104309604113,0.8193781583247493,0.03693984480476233,0.11172383790079722,0.02935944186711267,0.17875076409567,0.03763552217790852,0.10649474627319404,0.03866515726687361,0.11665455967260747,0.03910828451713448,2.5729202679233425,0.044531245302576364
phase36_m200_100k_results.csv,p36_reflectance_m200_r0p05_fw76_s0p75_h0p12_hi5_100k,ok,99954,46,461.28161445800004,reflectance,all,200,0.05,76.0,0.75,0.12,5,True,0,2.5,,,,,,,,,,230.65479245028274,101.06367368112392,0.6243377274497334,0.03623689309649245,0.10664418391246687,0.02934382836441173,0.19455736341551225,0.037772915815561234,0.10586348506004183,0.03866505512170666,0.11943776565506972,0.039128908147829794,2.5728252508418223,0.044534223485420944
phase57_tiny_neighborhood_100k_results.csv,p57_lowridge_m200_r0p04_fw86_s0p55_h0p08_lh0p15_100k,ok,99954,46,465.837613375,reflectance,all,200,0.04,86.0,0.55,0.08,5,True,0,2.5,,0.15,60.0,,,4,,,,230.67030639738456,100.15462510429512,0.3577687408359825,0.03340460903386533,0.06715972679235532,0.028723443479041304,0.25995466692105174,0.038088697347671806,0.14771585498976353,0.03846079322189348,0.08757975055687475,0.038496360613963214,2.5790289453433948,0.04439225830679238
phase54_shrinkage_100k_results.csv,p54_maebasin_m200_r0p04_fw88_s0p625_h0p08_lh0p15_100k,ok,99954,46,484.8764735,reflectance,all,200,0.04,88.0,0.625,0.08,5,True,0,2.5,,0.15,60.0,,,4,,,,230.68109646957322,100.18421884354643,0.25960986108411716,0.03334600974596685,0.06902113657304484,0.0287444393532012,0.5882311523618962,0.03974923383389359,0.10979917512770138,0.038277141486490404,0.09917074626701387,0.0386392391455943,2.578474398153371,0.044428028777123436
phase49_low_ridge_high_penalty_100k_results.csv,p49_m200_r0p04_fw88_s0p75_h0p08_lh0p15_100k,ok,99954,46,505.121918208,reflectance,all,200,0.04,88.0,0.75,0.08,5,True,0,2.5,,0.15,60.0,,,4,,,,230.7498408815654,100.2323747889828,0.3339191055384863,0.03375606690494123,0.07310403320795733,0.028801692090894775,0.3301247538989654,0.038061215876350564,0.11432652351463181,0.03834978141665435,0.0872906366280616,0.038543882591726614,2.58051983944647,0.04448017999974393
phase36_m200_100k_results.csv,p36_reflectance_m202_r0p05_fw80_s0p75_h0p12_hi5_100k,ok,99954,46,468.65347391600005,reflectance,all,202,0.05,80.0,0.75,0.12,5,True,0,2.5,,,,,,,,,,230.7613277018457,101.12825478369427,0.22651779382376036,0.033795187603748084,0.07661420978109325,0.02915243964238609,0.10776952492210574,0.03725932830547393,3.6160623794485205,0.05040598802028193,0.09283989512036701,0.038993274554175894,2.538974847340801,0.04446568522318503
phase49_low_ridge_high_penalty_100k_results.csv,p49_m200_r0p04_fw84_s0p75_h0p08_lh0p15_100k,ok,99954,46,518.9428128750001,reflectance,all,200,0.04,84.0,0.75,0.08,5,True,0,2.5,,0.15,60.0,,,4,,,,230.79762659463282,100.22330253681243,0.16331862652909795,0.03274694575998154,0.07210615910030795,0.028809383604140842,0.2794436611860742,0.037876427770752105,0.19530867110884956,0.038759078659341355,0.09742174906354906,0.038612673645924335,2.5849395154702353,0.044467218008275425
phase8_huber_shrink_10k_results.csv,reflectance_all_m224_r0p075_fw40p0_s1p0_h0p22_oit2,ok,9998,2,47.07647829200005,reflectance,all,224,0.075,40.0,1.0,0.22,,,2,2.5,,,,,,,,,,230.81153105417587,101.50873549676412,0.0706919918386445,0.032450307050530584,0.07965872974968378,0.02974735665983793,0.07312134467774437,0.03686693501449258,0.4192672705746164,0.04286342927675611,0.07939976356280577,0.03894199426829548,1.0589243236141468,0.043300831629991064
phase49_low_ridge_high_penalty_100k_results.csv,p49_m200_r0p04_fw80_s0p75_h0p08_lh0p3_100k,ok,99954,46,518.49895725,reflectance,all,200,0.04,80.0,0.75,0.08,5,True,0,2.5,,0.3,60.0,,,4,,,,230.8371214674532,100.20278133759727,0.16807347987304874,0.03275815984368925,0.07171637875407105,0.028820873793699953,0.39945116993784807,0.03915719227290478,0.12160342121123899,0.03847347518307684,0.099239298377491,0.038604877136557185,2.5898625211740116,0.044453747297986825
phase39_ridge_huber_100k_results.csv,p39_reflectance_m200_r0p04_fw80_s0p75_h0p08_hi5_100k,ok,99954,46,460.387811042,reflectance,all,200,0.04,80.0,0.75,0.08,5,True,0,2.5,,,,,,,,,,230.90233246144444,100.2419663121011,0.18623662382388972,0.032867482343951065,0.07167256084566626,0.028839221952275437,0.3510504733676708,0.03893021980718034,0.12621703355855138,0.038525113030476454,0.0964496182022177,0.03860508472339127,2.589569300825534,0.04446352194634776
phase39_ridge_huber_100k_results.csv,p39_reflectance_m200_r0p045_fw80_s0p75_h0p08_hi5_100k,ok,99954,46,461.27600708400007,reflectance,all,200,0.045,80.0,0.75,0.08,5,True,0,2.5,,,,,,,,,,230.932960929348,100.32471237608306,7.195113194196095,0.055748560033651334,0.07412464960359981,0.028853191068446467,0.4143239090150492,0.03870791574615874,0.1552590014707222,0.03864925884315578,0.1035866023031677,0.03878697308287925,2.5781017471752974,0.04450084943228651
phase8_huber_shrink_10k_results.csv,reflectance_all_m224_r0p075_fw40p0_s1p0_h0p14_oit2,ok,9998,2,53.479366708999976,reflectance,all,224,0.075,40.0,1.0,0.14,,,2,2.5,,,,,,,,,,231.03492419500927,100.48472663523043,0.06422502119303829,0.03209540681819749,0.08201155755990738,0.029522374353176884,0.10831577305379533,0.03712237697384582,0.08735930657519847,0.03810504778269738,0.10861675047125945,0.03912729877455601,1.06047819528527,0.04331770375002927
phase39_ridge_huber_100k_results.csv,p39_reflectance_m200_r0p05_fw80_s0p75_h0p08_hi5_100k,ok,99954,46,459.69029775,reflectance,all,200,0.05,80.0,0.75,0.08,5,True,0,2.5,,,,,,,,,,231.0879855916406,100.45963111519512,0.1892244717746345,0.033177208101051986,0.09149848565244899,0.029012100175919146,0.7551058320370873,0.03933775143576774,3.6125359701769404,0.049597541336950525,0.1084324972431183,0.038931233644443654,2.5683766155749597,0.04456510648044693
phase33_fw80_index_guard_100k_results.csv,p33_reflectance_m208_r0p05_fw80_s0p75_h0p12_hi5_100k,ok,99954,46,488.532892292,reflectance,all,208,0.05,80.0,0.75,0.12,5,True,0,2.5,,,,,,,,,,231.1828161779344,101.10410721923435,0.1918667506752461,0.0334107729495166,0.06408677857450468,0.029022594126676907,2.4687556483272277,0.045218134316207255,3.6139522270019273,0.050093648668738756,0.09715847139408433,0.03910346597673671,2.806786926449492,0.04585752448152175
phase31_m208_100k_results.csv,p31_reflectance_m208_r0p05_fw80_s1_h0p14_hi5_100k,ok,99954,46,501.8007662089999,reflectance,all,208,0.05,80.0,1.0,0.14,5,True,0,2.5,,,,,,,,,,231.2920650903785,101.44284330655454,0.1410769354005248,0.03321051406498388,0.06872394644917501,0.02921040843789744,0.10382265271355617,0.03745154813381132,0.6369084104174177,0.041302562533875244,0.11311200016081659,0.03932950984381009,2.8377190252473685,0.046100797900379534
phase8_huber_shrink_10k_results.csv,reflectance_all_m192_r0p075_fw48p0_s1p0_h0p18_oit2,ok,9998,2,36.795259791999996,reflectance,all,192,0.075,48.0,1.0,0.18,,,2,2.5,,,,,,,,,,231.2937241464323,100.83085361985218,0.07483119658385196,0.03234044276046522,0.10845286666223014,0.029617224499880575,0.0782133212071068,0.036827159954286495,0.084435434946749,0.038623238611801225,0.0747470030991715,0.03840261855491579,1.0490406629375013,0.04299406175318723
phase33_fw80_index_guard_100k_results.csv,p33_reflectance_m208_r0p045_fw80_s1_h0p14_hi5_100k,ok,99954,46,494.934891041,reflectance,all,208,0.045,80.0,1.0,0.14,5,True,0,2.5,,,,,,,,,,231.3270101109492,101.34463916413559,0.6304569392672513,0.03508189358189093,0.061855092753704634,0.02913616343653639,0.10175473994520577,0.03739235130001171,2.6991516788981107,0.047535217580485116,0.12581277136971475,0.03929147847514384,2.985388015707001,0.04666878757013515
phase33_fw80_index_guard_100k_results.csv,p33_reflectance_m208_r0p05_fw80_s1_h0p12_hi5_100k,ok,99954,46,499.133020416,reflectance,all,208,0.05,80.0,1.0,0.12,5,True,0,2.5,,,,,,,,,,231.33306101508506,101.21575244835303,0.1430646760285344,0.03319743122377191,0.06576904904696192,0.02912435645944163,0.1056988653300419,0.037402602609845584,0.6401242332428984,0.04118570120161438,0.11310119832793813,0.03924457641459514,2.8377454383632705,0.04609959619183598
phase31_m208_100k_results.csv,p31_reflectance_m208_r0p05_fw72_s0p75_h0p14_hi5_100k,ok,99954,46,504.100211708,reflectance,all,208,0.05,72.0,0.75,0.14,5,True,0,2.5,,,,,,,,,,231.33742439236326,101.29379539359033,1.4891327443461007,0.03864721287546358,0.07203755659042685,0.02918156919136427,0.10819765287298132,0.037336499784156124,0.18090748568082143,0.0389845297757522,0.6378905418030977,0.04102048024933065,2.922691286548831,0.04629585250526974
phase17_best_huber5_100k_results.csv,p17_m192_r0p05_fw72_s1_h0p14_oit0_hi5,ok,99954,46,920.115052375,reflectance,all,192,0.05,72.0,1.0,0.14,5,True,0,2.5,,,,,,,,,,231.3764354986997,101.61650809492535,0.370314951064828,0.034708286562954944,0.1783271466093985,0.029785274340719665,0.0943320518359653,0.03748552285410857,0.1033944595106633,0.03901307031712505,0.24824486098066345,0.040102172074534835,2.324785558661778,0.04316177855075822
phase31_m208_100k_results.csv,p31_reflectance_m192_r0p05_fw72_s1_h0p14_hi5_baseline_100k,ok,99954,46,426.13088074999996,reflectance,all,192,0.05,72.0,1.0,0.14,5,True,0,2.5,,,,,,,,,,231.3764354986997,101.61650809492535,0.370314951064828,0.03470828656295494,0.1783271466093985,0.02978527434071967,0.0943320518359653,0.03748552285410857,0.1033944595106633,0.039013070317125045,0.24824486098066345,0.04010217207453483,2.3247855586617776,0.04316177855075823
phase12_out0_high_modes_20k_results.csv,reflectance_all_m224_r0p025_fw48p0_s1p0_h0p14_oit0,ok,19988,12,79.64903387499999,reflectance,all,224,0.025,48.0,1.0,0.14,,,0,2.5,,,,,,,,,,231.410959530516,102.46176530201946,0.08579853020446877,0.033745644297535474,0.1922799516014639,0.03195089729865682,0.0899534191384363,0.038007290805166793,0.08741014684001312,0.039628448624270535,0.09640326986140943,0.03975827081864731,0.7520801114739994,0.03748077130858622
phase31_m208_100k_results.csv,p31_reflectance_m208_r0p05_fw72_s1_h0p12_hi5_100k,ok,99954,46,499.36730579199997,reflectance,all,208,0.05,72.0,1.0,0.12,5,True,0,2.5,,,,,,,,,,231.53644062967456,101.1901594937087,0.36653785795143856,0.03491715739134515,0.06923801525806923,0.02918028230879838,0.10797493992394151,0.03735728051654543,2.202073816834534,0.045400710011893726,0.2553833049790707,0.039932520365736246,2.9818511750486234,0.046661514613673634
phase6_high_modes_focused_20k_results.csv,reflectance_all_m160_r0p15_fw40p0_s1p0_h0p18_oit2,ok,19988,12,52.03870012499999,reflectance,all,160,0.15,40.0,1.0,0.18,,,2,2.5,,,,,,,,,,231.59293841770156,102.40899770203718,0.06217699162490844,0.03283537713866605,0.1060327032281995,0.03000313512294666,0.07210109948604271,0.03778028671005595,0.08163210836533141,0.03871573118916349,0.08612427847874056,0.03990922636251363,0.8271113356973769,0.038918548773023934
phase13_best_candidate_100k_results.csv,p13_m192_r0p05_fw64_s1_h0p14_oit0,ok,99954,46,338.129910375,reflectance,all,192,0.05,64.0,1.0,0.14,,,0,2.5,,,,,,,,,,231.59521678774553,101.7814637533707,0.4975519203691561,0.03443649482491383,0.2738619440955095,0.030554808860591875,0.09628681877362483,0.03759424420587655,0.09925942054764168,0.039089893636313426,0.2989616188321664,0.04100412699077719,2.342081313286402,0.04317597590771487
phase6_high_modes_focused_20k_results.csv,reflectance_all_m160_r0p15_fw32p0_s1p0_h0p18_oit2,ok,19988,12,52.448474291999986,reflectance,all,160,0.15,32.0,1.0,0.18,,,2,2.5,,,,,,,,,,231.59895609235528,102.13197884506985,0.062037072479181256,0.03253498712799889,0.09314057210314235,0.029689602347116404,0.07203803571865183,0.0374278483962617,0.08343094154095923,0.03869771183071222,0.08358231631286546,0.03945258778219573,0.8032221590189488,0.03827528887512861
phase8_huber_shrink_10k_results.csv,reflectance_all_m192_r0p1_fw48p0_s1p0_h0p18_oit2,ok,9998,2,37.596770291999974,reflectance,all,192,0.1,48.0,1.0,0.18,,,2,2.5,,,,,,,,,,231.80976634488675,101.25458345291277,0.08850476501821403,0.032858382902017626,0.1258222208085872,0.0299969644817311,0.07288738977778801,0.03696363415132171,0.08338903814071938,0.038611648968195675,0.08615441010660842,0.039029314708103745,1.0511794223784074,0.043383244059201895
phase8_huber_shrink_10k_results.csv,reflectance_all_m192_r0p1_fw40p0_s1p0_h0p18_oit2,ok,9998,2,36.98633187500002,reflectance,all,192,0.1,40.0,1.0,0.18,,,2,2.5,,,,,,,,,,231.83492433426056,101.22470861872257,0.07555123876489662,0.03250404998584505,0.10859642003542967,0.029711774881398235,0.0747385899209208,0.036829359588901274,0.08483976818297152,0.03868436924090633,0.0761908698831863,0.03859345386445546,1.0497097000883948,0.04317299926136709
phase17_top_unvalidated_100k_results.csv,p17_m192_r0p05_fw56_s1_h0p14_oit0_hi3,ok,99954,46,464.23437279200004,reflectance,all,192,0.05,56.0,1.0,0.14,3,True,0,2.5,,,,,,,,,,232.10132742092347,101.9000053655016,1.1920839348126275,0.03777083946052794,0.19493392722907674,0.030261528958552678,2.78114087311925,0.046438417350443205,0.09998929079162028,0.039185329168119044,0.29768575507756,0.04087498575304152,2.3569293109584324,0.043207265217647506
phase17_top_unvalidated_100k_results.csv,p17_m192_r0p05_fw56_s1_h0p14_oit0_hi5,ok,99954,46,806.133612625,reflectance,all,192,0.05,56.0,1.0,0.14,5,True,0,2.5,,,,,,,,,,232.15907898174584,101.76774436202179,1.1921085354877508,0.03774739576098852,0.21114126010936635,0.03031456436019171,2.7811301548484626,0.0463806756872381,0.09994052702453773,0.03911402232344868,0.3339094801804082,0.041172472804142914,2.356931501930438,0.043205418206420224
phase11_outlier_100k_results.csv,p11_m192_r0p075_fw48_s1_h0p14_oit0,ok,99954,46,286.34870725,reflectance,all,192,0.075,48.0,1.0,0.14,,,0,2.5,,,,,,,,,,232.17426489875393,102.13641062461124,2.786417446649872,0.04135484002155983,0.1271673138255368,0.029645547728091814,0.09048277862818914,0.037576140469896414,0.11740336612914572,0.03917210024387067,0.10166953927318713,0.03950433198702218,2.324242720192711,0.04321794785440809
phase6_high_modes_focused_20k_results.csv,reflectance_all_m160_r0p15_fw24p0_s1p0_h0p18_oit2,ok,19988,12,51.478561958,reflectance,all,160,0.15,24.0,1.0,0.18,,,2,2.5,,,,,,,,,,232.21028176727407,102.19067112745,0.06286317724863918,0.03236471347465175,0.08425446011847898,0.02953460772561527,0.07395575811470599,0.037202656652801626,0.08783809677327205,0.03889157421156737,0.43582566416722185,0.04191891247337902,0.7850130634609053,0.03775634653203818
phase8_huber_shrink_10k_results.csv,reflectance_all_m224_r0p075_fw40p0_s1p0_h0p18_oit2,ok,9998,2,49.54912841700002,reflectance,all,224,0.075,40.0,1.0,0.18,,,2,2.5,,,,,,,,,,232.3622488467958,101.30724802691299,0.1528362300829654,0.03344785041944651,0.14607721071400778,0.030670255377887833,0.07400388482068126,0.036839929842298634,0.088858694846482,0.038699037859935344,0.08007345632028137,0.03890981435068267,1.0589240036265155,0.04328276830772806
phase24_high_modes_index_10k_results.csv,p24_reflectance_m192_r0p075_fw128_s1p0_hi5,ok,9998,2,44.51477704199999,reflectance,all,192,0.075,128.0,1.0,0.14,5,True,0,2.5,,,,,,,,,,232.4212693699258,103.86007814195722,0.08415807846148059,0.034289004923704014,0.6471702629015949,0.03821678936259599,0.07915424670933446,0.038893829815911725,0.08062865160663973,0.03957841659439066,0.07989458943523964,0.040780687997720486,1.0641995522801317,0.04506683264570379
phase24_high_modes_index_10k_results.csv,p24_reflectance_m192_r0p075_fw128_s0p75_hi5,ok,9998,2,43.953200958000025,reflectance,all,192,0.075,128.0,0.75,0.14,5,True,0,2.5,,,,,,,,,,232.47688502612039,103.82516573368872,0.08237829380212595,0.034185241694374736,0.48411496954833105,0.03633684194378486,0.07715113387890007,0.03886447935475487,0.0810409339053528,0.03957543711954817,0.07874662634971955,0.0407499052272072,1.062516052553437,0.044977743894934606
phase52_norm_basin_100k_results.csv,p52_centered_m200_r0p05_fw64_s0p75_h0p12_lh0p15_100k,ok,99954,46,509.518308458,centered_reflectance,all,200,0.05,64.0,0.75,0.12,5,True,0,2.5,,0.15,60.0,,,4,,,,232.79560223755632,97.9798985962558,4.01817262522838,0.046707408272412966,0.10081420107847645,0.028000410106324175,0.24493960306512957,0.03697409434108451,0.08061959862431015,0.036045543294456264,0.10738756093198258,0.037448244938388435,2.590300515959901,0.044295371247104295
phase52_norm_basin_100k_results.csv,p52_centered_m208_r0p05_fw64_s0p75_h0p12_lh0p15_100k,ok,99954,46,550.43613475,centered_reflectance,all,208,0.05,64.0,0.75,0.12,5,True,0,2.5,,0.15,60.0,,,4,,,,232.95557088708858,97.99540366631949,3.950000614260583,0.043889354312998896,0.057727944726315136,0.02775444362962118,0.26519897818929533,0.03660536139303719,0.0844805439339877,0.03599064505996097,0.18938601162344307,0.038066816860366684,3.3333316031489297,0.04774829454531869
phase6_high_modes_focused_20k_results.csv,reflectance_all_m160_r0p2_fw32p0_s1p0_h0p18_oit2,ok,19988,12,51.980410291,reflectance,all,160,0.2,32.0,1.0,0.18,,,2,2.5,,,,,,,,,,233.1052860927718,103.22418775467136,0.06280632274927962,0.03307674772952723,0.1111014797896079,0.030218872913254216,0.07697885160638102,0.03806695485450195,0.08311236476057857,0.03892892579139706,0.22839294131345173,0.04157016810691188,0.8363802174220148,0.03928599705491404
phase6_high_modes_focused_20k_results.csv,reflectance_all_m160_r0p2_fw24p0_s1p0_h0p18_oit2,ok,19988,12,53.01452370800001,reflectance,all,160,0.2,24.0,1.0,0.18,,,2,2.5,,,,,,,,,,233.11626728602147,102.92674733994966,0.0631943642040252,0.03271335312758205,0.09289534559778356,0.029814015161962092,0.1651847278900579,0.03842836300140597,0.08769493837789942,0.038992221284221334,0.08035114447498284,0.03951828725369548,0.8029574797079991,0.038430237265243646
phase52_norm_basin_100k_results.csv,p52_robust_m200_r0p05_fw64_s1_h0p14_lh0p15_100k,ok,99954,46,482.4394130410001,robust,all,200,0.05,64.0,1.0,0.14,5,True,0,2.5,,0.15,60.0,,,4,,,,233.31826409666334,98.15712132769158,0.3704345346057665,0.03296616952671852,0.408812685221888,0.029176219560841817,0.3790685414112976,0.037848102385203156,0.08028843992139531,0.03606239167737591,0.19757015074130985,0.038149960530874695,2.5963960948602263,0.04446053882354866
phase6_high_modes_focused_20k_results.csv,reflectance_all_m160_r0p1_fw24p0_s1p0_h0p18_oit2,ok,19988,12,48.748366667,reflectance,all,160,0.1,24.0,1.0,0.18,,,2,2.5,,,,,,,,,,233.39368106444562,102.06287183537913,0.0633380155304153,0.032187299531117645,0.07851744029475884,0.029453704389565013,0.07191543662817584,0.03697715525981603,0.09016327735421654,0.03911057695219277,0.07615563108080924,0.03879032435937336,0.7631240564109966,0.037133317125521266
phase17_top_unvalidated_100k_results.csv,p17_m224_r0p05_fw64_s1_h0p14_oit0_hi3,ok,99954,46,864.8703043339997,reflectance,all,224,0.05,64.0,1.0,0.14,3,True,0,2.5,,,,,,,,,,233.5497332610231,101.78911515883415,0.1642691883547116,0.033369981723096846,0.26029642966157285,0.0304002881887178,0.15793312187129765,0.03775885431982826,0.12433941240835286,0.03902100017000218,0.27361350715447263,0.04052236506735253,2.270255402015555,0.04301499617441781
phase6_high_modes_focused_20k_results.csv,reflectance_all_m160_r0p2_fw40p0_s1p0_h0p18_oit2,ok,19988,12,52.215029208999965,reflectance,all,160,0.2,40.0,1.0,0.18,,,2,2.5,,,,,,,,,,233.7378965813108,103.82174530140267,0.06421981834176091,0.033553768117072474,0.0978490627566955,0.030296383801384847,0.0753898994525785,0.0385509241082574,0.08152492542730758,0.03906260297690206,0.11400410806350356,0.04117118972277309,0.8877288472098369,0.040372082682074345
phase27_robust_m224_100k_results.csv,p27_robust_m224_r0p05_fw64_s1_hi5_100k,ok,99954,46,586.391139334,robust,all,224,0.05,64.0,1.0,0.14,5,True,0,2.5,,,,,,,,,,233.90333235034188,98.38041733474309,0.2941702477169411,0.03211712590775087,0.05769189495702602,0.027825309498162334,0.16251618913311952,0.03668070037422872,0.08071430477779917,0.03605521549697659,0.11245091437053772,0.03759565575245011,2.225104567467935,0.042469537403878245
phase28_robust_m224_remaining_100k_results.csv,p28_robust_m224_r0p035_fw72_s1_hi5_100k,ok,99954,46,595.128194292,robust,all,224,0.035,72.0,1.0,0.14,5,True,0,2.5,,,,,,,,,,233.9876270004004,98.55214654079379,31.515844823727058,0.13102668424314753,0.05800849922258763,0.02792621933424123,0.1338314017387767,0.0363350189861952,0.08099991508397167,0.036226474908828396,0.0863893682335407,0.03742284492034886,2.3079025059606857,0.04301595672220754
phase28_robust_m224_remaining_100k_results.csv,p28_robust_m224_r0p05_fw48_s1_hi5_100k,ok,99954,46,597.006254583,robust,all,224,0.05,48.0,1.0,0.14,5,True,0,2.5,,,,,,,,,,233.9931997250949,98.57817609466723,0.3448659650505934,0.03251825572761435,0.05795539301369304,0.02795714880299205,0.1361088031299891,0.03637093912223523,0.08134941836141618,0.03627393638260897,0.08858084850427979,0.0374146745021977,2.318453722385644,0.04308211276229276
phase19_robust_best_100k_results.csv,p19_robust_m192_r0p05_fw64_s1_hi5_oit0,ok,99954,46,555.9448596670001,robust,all,192,0.05,64.0,1.0,0.14,5,True,0,2.5,,,,,,,,,,234.2319093539348,98.34726948911774,0.2425757278598107,0.03193429600682113,0.07951841520289468,0.027971274758795135,0.09771154432278378,0.03608354064255631,0.11325561159821115,0.03637174127476615,0.09381468777150166,0.037414567542760915,2.3430071455394423,0.04299895323008201
phase29_dynamic_range_20k_results.csv,p29_centered_m128_r0p1_fw32_s1_h0p16_hi5,ok,19988,12,37.67667208299997,centered_reflectance,all,128,0.1,32.0,1.0,0.16,5,True,0,2.5,,,,,,,,,,234.46210145993012,99.20348891299535,0.06966126369618376,0.03148694979268765,0.10859856183878713,0.02859617509764005,0.10295053293597622,0.037039232669484154,0.079139433441083,0.03696079017884558,0.08096107658760641,0.03792694230886543,0.7729635290000845,0.03698896216142742
phase11_outlier_100k_results.csv,p11_m192_r0p075_fw48_s1_h0p14_oit1,ok,99954,46,361.392516958,reflectance,all,192,0.075,48.0,1.0,0.14,,,1,2.5,,,,,,,,,,237.55694848108857,101.05248836123242,2.7865644256420876,0.04117359838232246,0.0766594383764235,0.029000375781621436,0.09003473284167798,0.03708386417321517,0.1169902347002863,0.0384377547253252,0.09692162025718905,0.038944300718251494,2.3243425340454698,0.043201072542431655
phase9_candidates_100k_results.csv,p9_m192_r0p1_fw40_s1_h0p18,ok,99954,46,372.331791,reflectance,all,192,0.1,40.0,1.0,0.18,,,2,2.5,,,,,,,,,,237.63196243941715,102.05221166616032,1.7825830668099645,0.038042306847108597,0.08521924547717181,0.02930030766808857,0.08402222357657792,0.037295020771042915,0.15809079330352843,0.03904298745470197,0.08808207410332715,0.03914336945619587,2.3029872006641687,0.043309765789531045
phase9_candidates_100k_results.csv,p9_m224_r0p075_fw48_s1_h0p18,ok,99954,46,496.9390804999998,reflectance,all,224,0.075,48.0,1.0,0.18,,,2,2.5,,,,,,,,,,237.66037373889466,101.78373472493409,0.13644766393364205,0.03293465012687207,1.2402088008204455,0.03321004697724756,0.09577337325706142,0.0373425556842619,0.1127249674802823,0.03858278067196259,0.09237473559658509,0.03917790591660829,2.194342838750694,0.04255623845887072
phase9_candidates_100k_results.csv,p9_m224_r0p05_fw56_s1_h0p18,ok,99954,46,490.3333078750002,reflectance,all,224,0.05,56.0,1.0,0.18,,,2,2.5,,,,,,,,,,237.6857723206805,101.56577036165467,0.9776196636212848,0.037105844797050536,0.24356149106541297,0.030702648547039156,2.7800706696998914,0.045861864008473516,0.11070312148130337,0.03878734076021523,0.2729914287522271,0.040216228880738454,2.314416132881992,0.04328044029288399
phase46_phenology_trend_20k_results.csv,p46_m200_fw84_lh0p15_pref0_trend1,ok,19988,12,91.868365875,reflectance,all,200,0.05,84.0,0.75,0.12,5,True,0,2.5,,0.15,60.0,,,0,,,,238.6614365164489,106.41328059761224,0.06339268382253956,0.035631894539454624,0.05652297121053765,0.03181788482038163,0.20235520402279086,0.03986282535414287,0.08231109425583809,0.040125311005520935,0.10804409753215677,0.04132138254669645,0.9096094562753969,0.04354444500741719
phase11_outlier_100k_results.csv,p11_m192_r0p075_fw48_s1_h0p14_oit2,ok,99954,46,395.17252283300013,reflectance,all,192,0.075,48.0,1.0,0.14,,,2,2.5,,,,,,,,,,238.7605552451637,101.03905407982461,2.786643390816687,0.04120940123969371,0.07777344471812886,0.02900513351098607,0.09017734640092356,0.037058847409362564,0.11713876289972516,0.03839630957731229,0.0970126585900239,0.03891324519168886,2.324343147594212,0.04320801999192134
phase9_candidates_100k_results.csv,p9_m192_r0p075_fw48_s1_h0p14,ok,99954,46,401.497158333,reflectance,all,192,0.075,48.0,1.0,0.14,,,2,2.5,,,,,,,,,,238.7605552451637,101.03905407982462,2.786643390816687,0.04120940123969371,0.07777344471812886,0.029005133510986072,0.09017734640092356,0.037058847409362564,0.11713876289972516,0.038396309577312285,0.0970126585900239,0.03891324519168886,2.3243431475942122,0.04320801999192134
phase9_candidates_100k_results.csv,p9_m160_r0p1_fw40_s1_h0p18,ok,99954,46,255.998579875,reflectance,all,160,0.1,40.0,1.0,0.18,,,2,2.5,,,,,,,,,,241.0962997969105,102.92436252186529,0.14448293012882635,0.032951191171884844,0.06699511120703201,0.029178503000898134,0.13695001728647685,0.03812313742430578,0.13165075898375175,0.039489524126199896,0.0801308771312827,0.03936124539034864,12.569848621085313,0.0793581141603718
phase24_high_modes_index_10k_results.csv,p24_reflectance_m192_r0p1_fw160_s1p0_hi5,ok,9998,2,43.86711762499999,reflectance,all,192,0.1,160.0,1.0,0.14,5,True,0,2.5,,,,,,,,,,241.20250799207724,108.19835397797428,0.09817944330922448,0.03634552184059731,0.28960429194020587,0.034746581643401754,0.0874798732265462,0.04099224315212999,0.08183033563407832,0.04092831042580225,0.09906267738313435,0.04352641907645887,1.0911310820163855,0.047615501771991746
phase24_high_modes_index_10k_results.csv,p24_reflectance_m192_r0p1_fw160_s0p75_hi5,ok,9998,2,43.908899416999986,reflectance,all,192,0.1,160.0,0.75,0.14,5,True,0,2.5,,,,,,,,,,241.272820378531,108.18585268374892,0.09475202971319005,0.0362719104021742,0.4216762938759341,0.03610176161693558,0.08296973035240877,0.04097116459220554,0.08212270718440257,0.040932693390899506,0.09204586737448779,0.04343473789477342,1.087820769964353,0.04752027765915856
phase46_phenology_trend_20k_results.csv,p46_m200_fw84_lh0p15_pref0_trend0,ok,19988,12,93.10749116699998,reflectance,all,200,0.05,84.0,0.75,0.12,5,False,0,2.5,,0.15,60.0,,,0,,,,243.49334174573417,109.06267016230771,0.06569508099824937,0.0367249310477326,0.057607238780097124,0.03264263113351794,0.15077948431456645,0.04035297151604005,0.08389417854158816,0.04089807675759722,0.09974119220704628,0.04226933798448081,0.9268782494092135,0.045056594928263166
phase9_candidates_100k_results.csv,p9_m128_r0p2_fw32_s1_h0p18,ok,99954,46,171.85483058300002,reflectance,all,128,0.2,32.0,1.0,0.18,,,2,2.5,,,,,,,,,,250.7425378200517,106.47004544308,0.10649801898030664,0.03365684915982584,0.07844782340648128,0.02966859597318996,0.0982014121168182,0.03930146941377562,0.20616622147878988,0.040734881474222696,0.19702940429538116,0.041928903602257546,2.5073778904965476,0.04569534223926145
phase46_phenology_trend_20k_results.csv,p46_m200_fw84_lh0p15_pref6_trend1,ok,19988,12,95.60234620800003,reflectance,all,200,0.05,84.0,0.75,0.12,5,True,0,2.5,,0.15,60.0,,,6,,,,278.1758251852583,105.7241986637311,0.43622819812425573,0.04084455728579224,0.3361322568356456,0.03529724687582917,0.08530553232134243,0.03739137728757831,0.10656178501389889,0.03977871992343741,0.36438846313392836,0.045768350453191234,0.7405413169954611,0.036827079353724756
phase44_frequency_selection_20k_results.csv,p44_preferred_m200_pref4_r0p05_fw80_s0p75_h0p12,ok,19842,12,1.1514540419999975,reflectance,preferred,200,0.05,80.0,0.75,0.12,5,True,0,2.5,,,,,,4,0,10,0.7,387.3835466646937,178.67506496575348,0.9729905098686252,0.06870999185807343,0.09041975570807652,0.050374760974506785,0.3033862136414896,0.07496114646637718,0.12721013320028743,0.06319365533504126,0.2735448488218102,0.08048787629970813,0.7126540899575485,0.0646376814755941
phase44_frequency_selection_20k_results.csv,p44_hybrid_m200_pref4_st16_r0p05_fw80_s0p75_h0p12,ok,19988,12,2.3594581250000015,reflectance,hybrid,200,0.05,80.0,0.75,0.12,5,True,0,2.5,,,,,,4,16,20,0.9,389.82287955969343,179.5352687741738,0.3037736922425667,0.06399794956561076,0.11512035117998129,0.05136881200547558,0.13138651847522087,0.07018902601273175,0.13178613967183841,0.06568997315481659,0.14530132433522122,0.07627571494011492,6.14351324397474,0.10676185216831528
phase44_frequency_selection_20k_results.csv,p44_spectral_m200_np20_st20_r0p05_fw80_s0p75_h0p12,ok,19988,12,8.709950000000001,reflectance,spectral,200,0.05,80.0,0.75,0.12,5,True,0,2.5,,,,,,0,20,20,0.9,398.8613366543443,184.06769631828456,0.3545757999265573,0.06605989573388836,0.10305478592226933,0.05246531205719916,0.12833646158835094,0.07099676442193414,0.1344506806525011,0.06756866175766346,0.13888214404561686,0.077473624834981,0.7531106909627026,0.06846982352321856
phase44_frequency_selection_20k_results.csv,p44_hybrid_m200_pref4_st32_r0p05_fw80_s0p75_h0p12,ok,19988,12,2.871633124999999,reflectance,hybrid,200,0.05,80.0,0.75,0.12,5,True,0,2.5,,,,,,4,32,40,0.95,406.76074307332385,186.27865615307192,1.0853375262904488,0.07460232037516971,0.5751100276863739,0.057764371026761595,0.12953180491902877,0.07129277599116633,0.13737110892275667,0.06837879914392395,0.1306281036433814,0.07688820466309618,0.9556111720588161,0.072133329872947
phase44_frequency_selection_20k_results.csv,p44_hybrid_m200_pref8_st40_r0p05_fw80_s0p75_h0p12,ok,19988,12,2.575287540999998,reflectance,hybrid,200,0.05,80.0,0.75,0.12,5,True,0,2.5,,,,,,8,40,60,0.98,411.19370042721533,188.52048160019123,0.15727553562162236,0.06500938105424293,0.19322159156952098,0.05414963970047819,1.115570935266369,0.08087739786706123,0.13816191381132145,0.06926860212826609,0.14308606023801007,0.0782788135412354,1.1818379132137944,0.07339689831063663
phase44_frequency_selection_20k_results.csv,p44_spectral_m200_np40_st40_r0p05_fw80_s0p75_h0p12,ok,19988,12,2.5562819159999997,reflectance,spectral,200,0.05,80.0,0.75,0.12,5,True,0,2.5,,,,,,0,40,40,0.95,412.11127453846507,188.7691563201778,1.3904043815862663,0.0759063404376216,0.5103719090792831,0.058594281458049825,0.13540028631270198,0.07227842932867104,0.14037888891999278,0.06972501738795071,0.1388140936117023,0.0781777731396763,1.0342908674193714,0.07578302891519349
